"","Date","Value","Index"
"1",1865-01-01,-0.6,"NAO"
"155",1865-02-01,-1.2,"NAO"
"309",1865-03-01,0.2,"NAO"
"463",1865-04-01,-0.2,"NAO"
"617",1865-05-01,-0.4,"NAO"
"771",1865-06-01,0,"NAO"
"925",1865-07-01,0.5,"NAO"
"1079",1865-08-01,1.5,"NAO"
"1233",1865-09-01,1.8,"NAO"
"1387",1865-10-01,-2,"NAO"
"1541",1865-11-01,-0.9,"NAO"
"1695",1865-12-01,0.8,"NAO"
"2",1866-01-01,0.5,"NAO"
"156",1866-02-01,0.8,"NAO"
"310",1866-03-01,-0.6,"NAO"
"464",1866-04-01,-2.3,"NAO"
"618",1866-05-01,-2,"NAO"
"772",1866-06-01,0.9,"NAO"
"926",1866-07-01,-0.5,"NAO"
"1080",1866-08-01,-0.2,"NAO"
"1234",1866-09-01,2.4,"NAO"
"1388",1866-10-01,-0.3,"NAO"
"1542",1866-11-01,-0.5,"NAO"
"1696",1866-12-01,0.2,"NAO"
"3",1867-01-01,-3.5,"NAO"
"157",1867-02-01,1.1,"NAO"
"311",1867-03-01,-4.3,"NAO"
"465",1867-04-01,1.8,"NAO"
"619",1867-05-01,-4.2,"NAO"
"773",1867-06-01,0.1,"NAO"
"927",1867-07-01,-2,"NAO"
"1081",1867-08-01,1.9,"NAO"
"1235",1867-09-01,1.4,"NAO"
"1389",1867-10-01,2.2,"NAO"
"1543",1867-11-01,-3.5,"NAO"
"1697",1867-12-01,-0.1,"NAO"
"4",1868-01-01,0.7,"NAO"
"158",1868-02-01,3,"NAO"
"312",1868-03-01,3.6,"NAO"
"466",1868-04-01,1.7,"NAO"
"620",1868-05-01,2.3,"NAO"
"774",1868-06-01,3.1,"NAO"
"928",1868-07-01,0.4,"NAO"
"1082",1868-08-01,1.5,"NAO"
"1236",1868-09-01,-2.8,"NAO"
"1390",1868-10-01,3.5,"NAO"
"1544",1868-11-01,-1.8,"NAO"
"1698",1868-12-01,-0.1,"NAO"
"5",1869-01-01,1,"NAO"
"159",1869-02-01,2.5,"NAO"
"313",1869-03-01,0.2,"NAO"
"467",1869-04-01,-0.2,"NAO"
"621",1869-05-01,-2.7,"NAO"
"775",1869-06-01,-1.9,"NAO"
"929",1869-07-01,-0.3,"NAO"
"1083",1869-08-01,-1,"NAO"
"1237",1869-09-01,-0.4,"NAO"
"1391",1869-10-01,-1.4,"NAO"
"1545",1869-11-01,1.4,"NAO"
"1699",1869-12-01,0,"NAO"
"6",1870-01-01,0.4,"NAO"
"160",1870-02-01,-2.8,"NAO"
"314",1870-03-01,-2,"NAO"
"468",1870-04-01,1.1,"NAO"
"622",1870-05-01,1.5,"NAO"
"776",1870-06-01,0.3,"NAO"
"930",1870-07-01,0.5,"NAO"
"1084",1870-08-01,-3.6,"NAO"
"1238",1870-09-01,0.2,"NAO"
"1392",1870-10-01,0.9,"NAO"
"1546",1870-11-01,-2.1,"NAO"
"1700",1870-12-01,-3,"NAO"
"7",1871-01-01,2,"NAO"
"161",1871-02-01,-0.3,"NAO"
"315",1871-03-01,0.9,"NAO"
"469",1871-04-01,-2.6,"NAO"
"623",1871-05-01,-1.5,"NAO"
"777",1871-06-01,-0.9,"NAO"
"931",1871-07-01,0.8,"NAO"
"1085",1871-08-01,0,"NAO"
"1239",1871-09-01,-2.2,"NAO"
"1393",1871-10-01,0.2,"NAO"
"1547",1871-11-01,-3.1,"NAO"
"1701",1871-12-01,1.1,"NAO"
"8",1872-01-01,1,"NAO"
"162",1872-02-01,-0.7,"NAO"
"316",1872-03-01,-1.1,"NAO"
"470",1872-04-01,-0.5,"NAO"
"624",1872-05-01,1,"NAO"
"778",1872-06-01,0.2,"NAO"
"932",1872-07-01,-2.3,"NAO"
"1086",1872-08-01,-2.4,"NAO"
"1240",1872-09-01,-1.8,"NAO"
"1394",1872-10-01,1.6,"NAO"
"1548",1872-11-01,0.4,"NAO"
"1702",1872-12-01,-0.5,"NAO"
"9",1873-01-01,1.3,"NAO"
"163",1873-02-01,-0.6,"NAO"
"317",1873-03-01,1.2,"NAO"
"471",1873-04-01,-3.3,"NAO"
"625",1873-05-01,-0.9,"NAO"
"779",1873-06-01,1.9,"NAO"
"933",1873-07-01,-0.1,"NAO"
"1087",1873-08-01,3.1,"NAO"
"1241",1873-09-01,-2.2,"NAO"
"1395",1873-10-01,1.7,"NAO"
"1549",1873-11-01,-1.9,"NAO"
"1703",1873-12-01,0.6,"NAO"
"10",1874-01-01,1.5,"NAO"
"164",1874-02-01,0.9,"NAO"
"318",1874-03-01,0.9,"NAO"
"472",1874-04-01,2,"NAO"
"626",1874-05-01,-1.3,"NAO"
"780",1874-06-01,0.1,"NAO"
"934",1874-07-01,0.6,"NAO"
"1088",1874-08-01,0.9,"NAO"
"1242",1874-09-01,1.4,"NAO"
"1396",1874-10-01,1.8,"NAO"
"1550",1874-11-01,-0.2,"NAO"
"1704",1874-12-01,0.1,"NAO"
"11",1875-01-01,-0.7,"NAO"
"165",1875-02-01,-1,"NAO"
"319",1875-03-01,-0.8,"NAO"
"473",1875-04-01,-1.8,"NAO"
"627",1875-05-01,2.4,"NAO"
"781",1875-06-01,3.2,"NAO"
"935",1875-07-01,-1.1,"NAO"
"1089",1875-08-01,-1.6,"NAO"
"1243",1875-09-01,-1.5,"NAO"
"1397",1875-10-01,0.1,"NAO"
"1551",1875-11-01,-3.1,"NAO"
"1705",1875-12-01,-0.6,"NAO"
"12",1876-01-01,0.8,"NAO"
"166",1876-02-01,-0.7,"NAO"
"320",1876-03-01,0.5,"NAO"
"474",1876-04-01,-0.6,"NAO"
"628",1876-05-01,0.8,"NAO"
"782",1876-06-01,3.3,"NAO"
"936",1876-07-01,1.7,"NAO"
"1090",1876-08-01,0.3,"NAO"
"1244",1876-09-01,-3.7,"NAO"
"1398",1876-10-01,-1.9,"NAO"
"1552",1876-11-01,-4.4,"NAO"
"1706",1876-12-01,-2.1,"NAO"
"13",1877-01-01,0.9,"NAO"
"167",1877-02-01,1.1,"NAO"
"321",1877-03-01,0.1,"NAO"
"475",1877-04-01,-3.1,"NAO"
"629",1877-05-01,-2.8,"NAO"
"783",1877-06-01,-0.1,"NAO"
"937",1877-07-01,1.3,"NAO"
"1091",1877-08-01,-5.5,"NAO"
"1245",1877-09-01,-3.2,"NAO"
"1399",1877-10-01,0,"NAO"
"1553",1877-11-01,2.2,"NAO"
"1707",1877-12-01,2.5,"NAO"
"14",1878-01-01,0.5,"NAO"
"168",1878-02-01,-0.2,"NAO"
"322",1878-03-01,0.2,"NAO"
"476",1878-04-01,-2.7,"NAO"
"630",1878-05-01,-0.8,"NAO"
"784",1878-06-01,-1.2,"NAO"
"938",1878-07-01,0.4,"NAO"
"1092",1878-08-01,-3.5,"NAO"
"1246",1878-09-01,1,"NAO"
"1400",1878-10-01,-1.4,"NAO"
"1554",1878-11-01,-3.1,"NAO"
"1708",1878-12-01,-5.5,"NAO"
"15",1879-01-01,-0.9,"NAO"
"169",1879-02-01,0.9,"NAO"
"323",1879-03-01,1.2,"NAO"
"477",1879-04-01,-0.2,"NAO"
"631",1879-05-01,1.6,"NAO"
"785",1879-06-01,-1.4,"NAO"
"939",1879-07-01,-0.4,"NAO"
"1093",1879-08-01,-0.7,"NAO"
"1247",1879-09-01,2.9,"NAO"
"1401",1879-10-01,-0.3,"NAO"
"1555",1879-11-01,-3.9,"NAO"
"1709",1879-12-01,-1.2,"NAO"
"16",1880-01-01,-0.8,"NAO"
"170",1880-02-01,1,"NAO"
"324",1880-03-01,0.5,"NAO"
"478",1880-04-01,1.3,"NAO"
"632",1880-05-01,-0.6,"NAO"
"786",1880-06-01,-0.2,"NAO"
"940",1880-07-01,-3.6,"NAO"
"1094",1880-08-01,-0.4,"NAO"
"1248",1880-09-01,-1.1,"NAO"
"1402",1880-10-01,-4.7,"NAO"
"1556",1880-11-01,1,"NAO"
"1710",1880-12-01,-2.2,"NAO"
"17",1881-01-01,-5.9,"NAO"
"171",1881-02-01,-0.9,"NAO"
"325",1881-03-01,-2.3,"NAO"
"479",1881-04-01,-1.9,"NAO"
"633",1881-05-01,0.9,"NAO"
"787",1881-06-01,1.2,"NAO"
"941",1881-07-01,1.7,"NAO"
"1095",1881-08-01,-0.9,"NAO"
"1249",1881-09-01,-2.2,"NAO"
"1403",1881-10-01,-0.9,"NAO"
"1557",1881-11-01,1.4,"NAO"
"1711",1881-12-01,2.7,"NAO"
"18",1882-01-01,1,"NAO"
"172",1882-02-01,0.6,"NAO"
"326",1882-03-01,3.6,"NAO"
"480",1882-04-01,-1.3,"NAO"
"634",1882-05-01,-1.3,"NAO"
"788",1882-06-01,0.1,"NAO"
"942",1882-07-01,1.8,"NAO"
"1096",1882-08-01,0.7,"NAO"
"1250",1882-09-01,1.6,"NAO"
"1404",1882-10-01,0.3,"NAO"
"1558",1882-11-01,1.6,"NAO"
"1712",1882-12-01,-1.4,"NAO"
"19",1883-01-01,0.7,"NAO"
"173",1883-02-01,2.4,"NAO"
"327",1883-03-01,-2.4,"NAO"
"481",1883-04-01,1.3,"NAO"
"635",1883-05-01,1.3,"NAO"
"789",1883-06-01,-2.3,"NAO"
"943",1883-07-01,-2.5,"NAO"
"1097",1883-08-01,1.3,"NAO"
"1251",1883-09-01,-0.7,"NAO"
"1405",1883-10-01,2.5,"NAO"
"1559",1883-11-01,1.9,"NAO"
"1713",1883-12-01,0.7,"NAO"
"20",1884-01-01,0.7,"NAO"
"174",1884-02-01,0.8,"NAO"
"328",1884-03-01,1.3,"NAO"
"482",1884-04-01,-2,"NAO"
"636",1884-05-01,0.3,"NAO"
"790",1884-06-01,0.9,"NAO"
"944",1884-07-01,-3,"NAO"
"1098",1884-08-01,0.9,"NAO"
"1252",1884-09-01,1.4,"NAO"
"1406",1884-10-01,1.4,"NAO"
"1560",1884-11-01,-1.1,"NAO"
"1714",1884-12-01,2.1,"NAO"
"21",1885-01-01,-0.4,"NAO"
"175",1885-02-01,-1.8,"NAO"
"329",1885-03-01,0.9,"NAO"
"483",1885-04-01,1.2,"NAO"
"637",1885-05-01,-1.6,"NAO"
"791",1885-06-01,1.7,"NAO"
"945",1885-07-01,0.3,"NAO"
"1099",1885-08-01,-4.9,"NAO"
"1253",1885-09-01,1.9,"NAO"
"1407",1885-10-01,-0.3,"NAO"
"1561",1885-11-01,-1.2,"NAO"
"1715",1885-12-01,-1.3,"NAO"
"22",1886-01-01,0.3,"NAO"
"176",1886-02-01,-0.1,"NAO"
"330",1886-03-01,-0.9,"NAO"
"484",1886-04-01,-1.2,"NAO"
"638",1886-05-01,-1.2,"NAO"
"792",1886-06-01,0.8,"NAO"
"946",1886-07-01,0.7,"NAO"
"1100",1886-08-01,3,"NAO"
"1254",1886-09-01,-1.2,"NAO"
"1408",1886-10-01,0.7,"NAO"
"1562",1886-11-01,1.6,"NAO"
"1716",1886-12-01,-0.2,"NAO"
"23",1887-01-01,1.7,"NAO"
"177",1887-02-01,1.1,"NAO"
"331",1887-03-01,-1.9,"NAO"
"485",1887-04-01,-3.2,"NAO"
"639",1887-05-01,0.5,"NAO"
"793",1887-06-01,-2,"NAO"
"947",1887-07-01,-0.3,"NAO"
"1101",1887-08-01,-2.3,"NAO"
"1255",1887-09-01,-0.7,"NAO"
"1409",1887-10-01,-3.3,"NAO"
"1563",1887-11-01,-1.1,"NAO"
"1717",1887-12-01,-2.7,"NAO"
"24",1888-01-01,-1.5,"NAO"
"178",1888-02-01,-1.6,"NAO"
"332",1888-03-01,-1.5,"NAO"
"486",1888-04-01,-0.8,"NAO"
"640",1888-05-01,-1.5,"NAO"
"794",1888-06-01,-1.7,"NAO"
"948",1888-07-01,-1.7,"NAO"
"1102",1888-08-01,-0.4,"NAO"
"1256",1888-09-01,-3,"NAO"
"1410",1888-10-01,-3.1,"NAO"
"1564",1888-11-01,2.2,"NAO"
"1718",1888-12-01,1.4,"NAO"
"25",1889-01-01,1.2,"NAO"
"179",1889-02-01,0.2,"NAO"
"333",1889-03-01,-0.2,"NAO"
"487",1889-04-01,1.7,"NAO"
"641",1889-05-01,0.5,"NAO"
"795",1889-06-01,1.7,"NAO"
"949",1889-07-01,-3,"NAO"
"1103",1889-08-01,1.5,"NAO"
"1257",1889-09-01,-1.2,"NAO"
"1411",1889-10-01,1,"NAO"
"1565",1889-11-01,1.7,"NAO"
"1719",1889-12-01,3.1,"NAO"
"26",1890-01-01,2.3,"NAO"
"180",1890-02-01,-0.7,"NAO"
"334",1890-03-01,2,"NAO"
"488",1890-04-01,1.8,"NAO"
"642",1890-05-01,-0.6,"NAO"
"796",1890-06-01,1.7,"NAO"
"950",1890-07-01,1.4,"NAO"
"1104",1890-08-01,1.1,"NAO"
"1258",1890-09-01,1.3,"NAO"
"1412",1890-10-01,0,"NAO"
"1566",1890-11-01,2.7,"NAO"
"1720",1890-12-01,-0.8,"NAO"
"27",1891-01-01,0.2,"NAO"
"181",1891-02-01,0.9,"NAO"
"335",1891-03-01,-1.2,"NAO"
"489",1891-04-01,-1.6,"NAO"
"643",1891-05-01,-0.8,"NAO"
"797",1891-06-01,-4,"NAO"
"951",1891-07-01,-2.8,"NAO"
"1105",1891-08-01,0.2,"NAO"
"1259",1891-09-01,1.6,"NAO"
"1413",1891-10-01,1.1,"NAO"
"1567",1891-11-01,0,"NAO"
"1721",1891-12-01,1.7,"NAO"
"28",1892-01-01,0.5,"NAO"
"182",1892-02-01,-1.8,"NAO"
"336",1892-03-01,-1.4,"NAO"
"490",1892-04-01,-0.6,"NAO"
"644",1892-05-01,-2.2,"NAO"
"798",1892-06-01,-1.6,"NAO"
"952",1892-07-01,0,"NAO"
"1106",1892-08-01,-0.2,"NAO"
"1260",1892-09-01,2.2,"NAO"
"1414",1892-10-01,-3.2,"NAO"
"1568",1892-11-01,0.7,"NAO"
"1722",1892-12-01,-1.3,"NAO"
"29",1893-01-01,-2.1,"NAO"
"183",1893-02-01,0.8,"NAO"
"337",1893-03-01,-0.4,"NAO"
"491",1893-04-01,-0.2,"NAO"
"645",1893-05-01,-1.2,"NAO"
"799",1893-06-01,-2.6,"NAO"
"953",1893-07-01,0.2,"NAO"
"1107",1893-08-01,-2.8,"NAO"
"1261",1893-09-01,1.7,"NAO"
"1415",1893-10-01,0.4,"NAO"
"1569",1893-11-01,-2.3,"NAO"
"1723",1893-12-01,2.3,"NAO"
"30",1894-01-01,0.5,"NAO"
"184",1894-02-01,3.1,"NAO"
"338",1894-03-01,1.7,"NAO"
"492",1894-04-01,1.8,"NAO"
"646",1894-05-01,-0.8,"NAO"
"800",1894-06-01,2.7,"NAO"
"954",1894-07-01,1.2,"NAO"
"1108",1894-08-01,0.3,"NAO"
"1262",1894-09-01,-4,"NAO"
"1416",1894-10-01,-3.1,"NAO"
"1570",1894-11-01,2.2,"NAO"
"1724",1894-12-01,0.6,"NAO"
"31",1895-01-01,-1.7,"NAO"
"185",1895-02-01,-4.9,"NAO"
"339",1895-03-01,1,"NAO"
"493",1895-04-01,-0.7,"NAO"
"647",1895-05-01,0.6,"NAO"
"801",1895-06-01,-0.4,"NAO"
"955",1895-07-01,0.1,"NAO"
"1109",1895-08-01,-0.5,"NAO"
"1263",1895-09-01,0.1,"NAO"
"1417",1895-10-01,-2.8,"NAO"
"1571",1895-11-01,-0.6,"NAO"
"1725",1895-12-01,-0.5,"NAO"
"32",1896-01-01,-0.9,"NAO"
"186",1896-02-01,0.9,"NAO"
"340",1896-03-01,2.6,"NAO"
"494",1896-04-01,2.5,"NAO"
"648",1896-05-01,1.2,"NAO"
"802",1896-06-01,-0.6,"NAO"
"956",1896-07-01,2.3,"NAO"
"1110",1896-08-01,0,"NAO"
"1264",1896-09-01,-0.1,"NAO"
"1418",1896-10-01,-2.5,"NAO"
"1572",1896-11-01,-0.9,"NAO"
"1726",1896-12-01,1.8,"NAO"
"33",1897-01-01,-1.5,"NAO"
"187",1897-02-01,1.1,"NAO"
"341",1897-03-01,1,"NAO"
"495",1897-04-01,3.6,"NAO"
"649",1897-05-01,0.1,"NAO"
"803",1897-06-01,-2.6,"NAO"
"957",1897-07-01,-1,"NAO"
"1111",1897-08-01,1.4,"NAO"
"1265",1897-09-01,1,"NAO"
"1419",1897-10-01,-2.1,"NAO"
"1573",1897-11-01,-0.5,"NAO"
"1727",1897-12-01,0.6,"NAO"
"34",1898-01-01,1.2,"NAO"
"188",1898-02-01,1.2,"NAO"
"342",1898-03-01,-0.5,"NAO"
"496",1898-04-01,2.2,"NAO"
"650",1898-05-01,-1.1,"NAO"
"804",1898-06-01,-1.5,"NAO"
"958",1898-07-01,-1.5,"NAO"
"1112",1898-08-01,1.1,"NAO"
"1266",1898-09-01,-0.8,"NAO"
"1420",1898-10-01,-0.9,"NAO"
"1574",1898-11-01,0.9,"NAO"
"1728",1898-12-01,0.6,"NAO"
"35",1899-01-01,-1.3,"NAO"
"189",1899-02-01,-1.6,"NAO"
"343",1899-03-01,-2.1,"NAO"
"497",1899-04-01,-0.3,"NAO"
"651",1899-05-01,-1.4,"NAO"
"805",1899-06-01,1.4,"NAO"
"959",1899-07-01,2,"NAO"
"1113",1899-08-01,-2.6,"NAO"
"1267",1899-09-01,1.4,"NAO"
"1421",1899-10-01,-2,"NAO"
"1575",1899-11-01,0.6,"NAO"
"1729",1899-12-01,-0.9,"NAO"
"36",1900-01-01,1.8,"NAO"
"190",1900-02-01,-3.1,"NAO"
"344",1900-03-01,-2.1,"NAO"
"498",1900-04-01,0.8,"NAO"
"652",1900-05-01,0.7,"NAO"
"806",1900-06-01,-0.7,"NAO"
"960",1900-07-01,-1,"NAO"
"1114",1900-08-01,0.5,"NAO"
"1268",1900-09-01,2.3,"NAO"
"1422",1900-10-01,-0.3,"NAO"
"1576",1900-11-01,2.2,"NAO"
"1730",1900-12-01,1.2,"NAO"
"37",1901-01-01,0,"NAO"
"191",1901-02-01,-2.9,"NAO"
"345",1901-03-01,-0.6,"NAO"
"499",1901-04-01,1.3,"NAO"
"653",1901-05-01,-1.7,"NAO"
"807",1901-06-01,1.6,"NAO"
"961",1901-07-01,1.2,"NAO"
"1115",1901-08-01,1,"NAO"
"1269",1901-09-01,1.2,"NAO"
"1423",1901-10-01,2,"NAO"
"1577",1901-11-01,-2.4,"NAO"
"1731",1901-12-01,0.1,"NAO"
"38",1902-01-01,-0.3,"NAO"
"192",1902-02-01,-2.8,"NAO"
"346",1902-03-01,0.7,"NAO"
"500",1902-04-01,-1.9,"NAO"
"654",1902-05-01,0.9,"NAO"
"808",1902-06-01,-4,"NAO"
"962",1902-07-01,-2.4,"NAO"
"1116",1902-08-01,-1.6,"NAO"
"1270",1902-09-01,-2.2,"NAO"
"1424",1902-10-01,0.5,"NAO"
"1578",1902-11-01,0,"NAO"
"1732",1902-12-01,0.6,"NAO"
"39",1903-01-01,0.1,"NAO"
"193",1903-02-01,1.8,"NAO"
"347",1903-03-01,3.6,"NAO"
"501",1903-04-01,-0.1,"NAO"
"655",1903-05-01,1.2,"NAO"
"809",1903-06-01,-3.6,"NAO"
"963",1903-07-01,-0.3,"NAO"
"1117",1903-08-01,0.8,"NAO"
"1271",1903-09-01,-0.6,"NAO"
"1425",1903-10-01,-0.9,"NAO"
"1579",1903-11-01,0.8,"NAO"
"1733",1903-12-01,0.5,"NAO"
"40",1904-01-01,1.8,"NAO"
"194",1904-02-01,0.9,"NAO"
"348",1904-03-01,0.6,"NAO"
"502",1904-04-01,4.1,"NAO"
"656",1904-05-01,0.8,"NAO"
"810",1904-06-01,-0.7,"NAO"
"964",1904-07-01,-1.6,"NAO"
"1118",1904-08-01,-1.9,"NAO"
"1272",1904-09-01,1.1,"NAO"
"1426",1904-10-01,0.2,"NAO"
"1580",1904-11-01,-0.5,"NAO"
"1734",1904-12-01,-1.3,"NAO"
"41",1905-01-01,0.4,"NAO"
"195",1905-02-01,1.4,"NAO"
"349",1905-03-01,1.7,"NAO"
"503",1905-04-01,-1.7,"NAO"
"657",1905-05-01,1.4,"NAO"
"811",1905-06-01,-0.7,"NAO"
"965",1905-07-01,0.5,"NAO"
"1119",1905-08-01,0.5,"NAO"
"1273",1905-09-01,1.3,"NAO"
"1427",1905-10-01,-1.9,"NAO"
"1581",1905-11-01,0.9,"NAO"
"1735",1905-12-01,-0.3,"NAO"
"42",1906-01-01,1.8,"NAO"
"196",1906-02-01,1.8,"NAO"
"350",1906-03-01,-0.4,"NAO"
"504",1906-04-01,2.5,"NAO"
"658",1906-05-01,-2.9,"NAO"
"812",1906-06-01,-1.6,"NAO"
"966",1906-07-01,2.9,"NAO"
"1120",1906-08-01,-1.8,"NAO"
"1274",1906-09-01,1.2,"NAO"
"1428",1906-10-01,1.5,"NAO"
"1582",1906-11-01,0.1,"NAO"
"1736",1906-12-01,1.5,"NAO"
"43",1907-01-01,0.8,"NAO"
"197",1907-02-01,1.6,"NAO"
"351",1907-03-01,3.2,"NAO"
"505",1907-04-01,1.6,"NAO"
"659",1907-05-01,-2.8,"NAO"
"813",1907-06-01,0.7,"NAO"
"967",1907-07-01,-2.4,"NAO"
"1121",1907-08-01,-0.5,"NAO"
"1275",1907-09-01,-0.1,"NAO"
"1429",1907-10-01,0.1,"NAO"
"1583",1907-11-01,1.8,"NAO"
"1737",1907-12-01,0.6,"NAO"
"44",1908-01-01,0.9,"NAO"
"198",1908-02-01,2,"NAO"
"352",1908-03-01,2.3,"NAO"
"506",1908-04-01,-1.2,"NAO"
"660",1908-05-01,1.1,"NAO"
"814",1908-06-01,1.1,"NAO"
"968",1908-07-01,-0.4,"NAO"
"1122",1908-08-01,-0.4,"NAO"
"1276",1908-09-01,0.3,"NAO"
"1430",1908-10-01,-1,"NAO"
"1584",1908-11-01,0.2,"NAO"
"1738",1908-12-01,1.8,"NAO"
"45",1909-01-01,1.4,"NAO"
"199",1909-02-01,-0.1,"NAO"
"353",1909-03-01,-1.9,"NAO"
"507",1909-04-01,0.4,"NAO"
"661",1909-05-01,-2.1,"NAO"
"815",1909-06-01,-0.9,"NAO"
"969",1909-07-01,3.3,"NAO"
"1123",1909-08-01,2.5,"NAO"
"1277",1909-09-01,-1.6,"NAO"
"1431",1909-10-01,2.1,"NAO"
"1585",1909-11-01,-1.9,"NAO"
"1739",1909-12-01,-2.5,"NAO"
"46",1910-01-01,2,"NAO"
"200",1910-02-01,3.4,"NAO"
"354",1910-03-01,1.7,"NAO"
"508",1910-04-01,-1,"NAO"
"662",1910-05-01,2.6,"NAO"
"816",1910-06-01,0.4,"NAO"
"970",1910-07-01,-0.6,"NAO"
"1124",1910-08-01,-1.3,"NAO"
"1278",1910-09-01,-1.3,"NAO"
"1432",1910-10-01,-0.8,"NAO"
"1586",1910-11-01,-1.9,"NAO"
"1740",1910-12-01,-0.4,"NAO"
"47",1911-01-01,0.8,"NAO"
"201",1911-02-01,0.8,"NAO"
"355",1911-03-01,0.2,"NAO"
"509",1911-04-01,-0.7,"NAO"
"663",1911-05-01,3.2,"NAO"
"817",1911-06-01,0,"NAO"
"971",1911-07-01,-1.8,"NAO"
"1125",1911-08-01,-1,"NAO"
"1279",1911-09-01,-0.1,"NAO"
"1433",1911-10-01,-0.7,"NAO"
"1587",1911-11-01,0.5,"NAO"
"1741",1911-12-01,0.9,"NAO"
"48",1912-01-01,-1.1,"NAO"
"202",1912-02-01,-2.4,"NAO"
"356",1912-03-01,1.9,"NAO"
"510",1912-04-01,1.1,"NAO"
"664",1912-05-01,0.6,"NAO"
"818",1912-06-01,0,"NAO"
"972",1912-07-01,-0.7,"NAO"
"1126",1912-08-01,-1.4,"NAO"
"1280",1912-09-01,-2.3,"NAO"
"1434",1912-10-01,1.5,"NAO"
"1588",1912-11-01,0.9,"NAO"
"1742",1912-12-01,1.9,"NAO"
"49",1913-01-01,0.5,"NAO"
"203",1913-02-01,0.3,"NAO"
"357",1913-03-01,3.1,"NAO"
"511",1913-04-01,2.7,"NAO"
"665",1913-05-01,1.3,"NAO"
"819",1913-06-01,1.7,"NAO"
"973",1913-07-01,-1,"NAO"
"1127",1913-08-01,1,"NAO"
"1281",1913-09-01,-1.6,"NAO"
"1435",1913-10-01,-1.9,"NAO"
"1589",1913-11-01,3.6,"NAO"
"1743",1913-12-01,0.3,"NAO"
"50",1914-01-01,-0.5,"NAO"
"204",1914-02-01,1.4,"NAO"
"358",1914-03-01,1.3,"NAO"
"512",1914-04-01,1.4,"NAO"
"666",1914-05-01,2.8,"NAO"
"820",1914-06-01,2.4,"NAO"
"974",1914-07-01,-0.5,"NAO"
"1128",1914-08-01,0.7,"NAO"
"1282",1914-09-01,-0.2,"NAO"
"1436",1914-10-01,-0.4,"NAO"
"1590",1914-11-01,0.1,"NAO"
"1744",1914-12-01,1.4,"NAO"
"51",1915-01-01,0.8,"NAO"
"205",1915-02-01,0.9,"NAO"
"359",1915-03-01,-3.2,"NAO"
"513",1915-04-01,3.1,"NAO"
"667",1915-05-01,-2.7,"NAO"
"821",1915-06-01,-2.6,"NAO"
"975",1915-07-01,0.3,"NAO"
"1129",1915-08-01,-2.6,"NAO"
"1283",1915-09-01,-2,"NAO"
"1437",1915-10-01,1.4,"NAO"
"1591",1915-11-01,-2.8,"NAO"
"1745",1915-12-01,-2.7,"NAO"
"52",1916-01-01,2,"NAO"
"206",1916-02-01,1.9,"NAO"
"360",1916-03-01,-3,"NAO"
"514",1916-04-01,1,"NAO"
"668",1916-05-01,-0.3,"NAO"
"822",1916-06-01,-1.9,"NAO"
"976",1916-07-01,0.4,"NAO"
"1130",1916-08-01,-1.6,"NAO"
"1284",1916-09-01,-1.1,"NAO"
"1438",1916-10-01,2.4,"NAO"
"1592",1916-11-01,-0.3,"NAO"
"1746",1916-12-01,-3.7,"NAO"
"53",1917-01-01,-2.3,"NAO"
"207",1917-02-01,-1.2,"NAO"
"361",1917-03-01,-0.4,"NAO"
"515",1917-04-01,-2.6,"NAO"
"669",1917-05-01,-2.8,"NAO"
"823",1917-06-01,0.5,"NAO"
"977",1917-07-01,-1.7,"NAO"
"1131",1917-08-01,-0.4,"NAO"
"1285",1917-09-01,1.8,"NAO"
"1439",1917-10-01,1.8,"NAO"
"1593",1917-11-01,1.7,"NAO"
"1747",1917-12-01,-1.8,"NAO"
"54",1918-01-01,-4.5,"NAO"
"208",1918-02-01,2.5,"NAO"
"362",1918-03-01,0.8,"NAO"
"516",1918-04-01,-0.4,"NAO"
"670",1918-05-01,0.4,"NAO"
"824",1918-06-01,1.5,"NAO"
"978",1918-07-01,-3,"NAO"
"1132",1918-08-01,1.2,"NAO"
"1286",1918-09-01,0.8,"NAO"
"1440",1918-10-01,2,"NAO"
"1594",1918-11-01,0.3,"NAO"
"1748",1918-12-01,0.7,"NAO"
"55",1919-01-01,0,"NAO"
"209",1919-02-01,-2.7,"NAO"
"363",1919-03-01,-0.4,"NAO"
"517",1919-04-01,1,"NAO"
"671",1919-05-01,-0.7,"NAO"
"825",1919-06-01,3.3,"NAO"
"979",1919-07-01,-1.2,"NAO"
"1133",1919-08-01,1,"NAO"
"1287",1919-09-01,0.8,"NAO"
"1441",1919-10-01,-1.2,"NAO"
"1595",1919-11-01,-1.6,"NAO"
"1749",1919-12-01,2.3,"NAO"
"56",1920-01-01,2.3,"NAO"
"210",1920-02-01,1,"NAO"
"364",1920-03-01,3.6,"NAO"
"518",1920-04-01,-1.8,"NAO"
"672",1920-05-01,2.3,"NAO"
"826",1920-06-01,-0.3,"NAO"
"980",1920-07-01,3.1,"NAO"
"1134",1920-08-01,-1,"NAO"
"1288",1920-09-01,1.3,"NAO"
"1442",1920-10-01,-0.2,"NAO"
"1596",1920-11-01,2.1,"NAO"
"1750",1920-12-01,-1.8,"NAO"
"57",1921-01-01,1.6,"NAO"
"211",1921-02-01,0.3,"NAO"
"365",1921-03-01,3.1,"NAO"
"519",1921-04-01,-0.5,"NAO"
"673",1921-05-01,2.8,"NAO"
"827",1921-06-01,-1,"NAO"
"981",1921-07-01,-1.2,"NAO"
"1135",1921-08-01,0.8,"NAO"
"1289",1921-09-01,-0.2,"NAO"
"1443",1921-10-01,-1.2,"NAO"
"1597",1921-11-01,-0.6,"NAO"
"1751",1921-12-01,2.7,"NAO"
"58",1922-01-01,0.6,"NAO"
"212",1922-02-01,2.6,"NAO"
"366",1922-03-01,0.5,"NAO"
"520",1922-04-01,-0.1,"NAO"
"674",1922-05-01,1.4,"NAO"
"828",1922-06-01,2.9,"NAO"
"982",1922-07-01,2,"NAO"
"1136",1922-08-01,1.6,"NAO"
"1290",1922-09-01,1.7,"NAO"
"1444",1922-10-01,-3.7,"NAO"
"1598",1922-11-01,-0.3,"NAO"
"1752",1922-12-01,0.8,"NAO"
"59",1923-01-01,1.5,"NAO"
"213",1923-02-01,0.8,"NAO"
"367",1923-03-01,0,"NAO"
"521",1923-04-01,0.5,"NAO"
"675",1923-05-01,-0.8,"NAO"
"829",1923-06-01,0.8,"NAO"
"983",1923-07-01,2.4,"NAO"
"1137",1923-08-01,0.2,"NAO"
"1291",1923-09-01,1.8,"NAO"
"1445",1923-10-01,1.3,"NAO"
"1599",1923-11-01,0.2,"NAO"
"1753",1923-12-01,1.2,"NAO"
"60",1924-01-01,0.4,"NAO"
"214",1924-02-01,-0.8,"NAO"
"368",1924-03-01,-3.5,"NAO"
"522",1924-04-01,-2.2,"NAO"
"676",1924-05-01,-0.3,"NAO"
"830",1924-06-01,-0.1,"NAO"
"984",1924-07-01,1.5,"NAO"
"1138",1924-08-01,1.8,"NAO"
"1292",1924-09-01,1.2,"NAO"
"1446",1924-10-01,0.7,"NAO"
"1600",1924-11-01,0.6,"NAO"
"1754",1924-12-01,2.8,"NAO"
"61",1925-01-01,1,"NAO"
"215",1925-02-01,2,"NAO"
"369",1925-03-01,-1.1,"NAO"
"523",1925-04-01,2.1,"NAO"
"677",1925-05-01,1.8,"NAO"
"831",1925-06-01,1.1,"NAO"
"985",1925-07-01,2.7,"NAO"
"1139",1925-08-01,1.1,"NAO"
"1293",1925-09-01,-0.1,"NAO"
"1447",1925-10-01,-1.6,"NAO"
"1601",1925-11-01,-1.6,"NAO"
"1755",1925-12-01,-4.3,"NAO"
"62",1926-01-01,0.3,"NAO"
"216",1926-02-01,0.4,"NAO"
"370",1926-03-01,0.2,"NAO"
"524",1926-04-01,0.9,"NAO"
"678",1926-05-01,-1.4,"NAO"
"832",1926-06-01,-1.8,"NAO"
"986",1926-07-01,0.7,"NAO"
"1140",1926-08-01,0.8,"NAO"
"1294",1926-09-01,-1.1,"NAO"
"1448",1926-10-01,-2.8,"NAO"
"1602",1926-11-01,2.1,"NAO"
"1756",1926-12-01,-0.9,"NAO"
"63",1927-01-01,1.9,"NAO"
"217",1927-02-01,0.3,"NAO"
"371",1927-03-01,1.9,"NAO"
"525",1927-04-01,0.9,"NAO"
"679",1927-05-01,-2.3,"NAO"
"833",1927-06-01,-0.2,"NAO"
"987",1927-07-01,-0.3,"NAO"
"1141",1927-08-01,0.2,"NAO"
"1295",1927-09-01,0,"NAO"
"1449",1927-10-01,-3.2,"NAO"
"1603",1927-11-01,0.5,"NAO"
"1757",1927-12-01,-3.5,"NAO"
"64",1928-01-01,3,"NAO"
"218",1928-02-01,1.7,"NAO"
"372",1928-03-01,-1,"NAO"
"526",1928-04-01,0.8,"NAO"
"680",1928-05-01,-3.1,"NAO"
"834",1928-06-01,-2.9,"NAO"
"988",1928-07-01,0.8,"NAO"
"1142",1928-08-01,-1.5,"NAO"
"1296",1928-09-01,-1,"NAO"
"1450",1928-10-01,2,"NAO"
"1604",1928-11-01,1.7,"NAO"
"1758",1928-12-01,0.6,"NAO"
"65",1929-01-01,-4.1,"NAO"
"219",1929-02-01,-0.3,"NAO"
"373",1929-03-01,-1.4,"NAO"
"527",1929-04-01,-3,"NAO"
"681",1929-05-01,2.3,"NAO"
"835",1929-06-01,-0.7,"NAO"
"989",1929-07-01,-0.1,"NAO"
"1143",1929-08-01,0.3,"NAO"
"1297",1929-09-01,1.3,"NAO"
"1451",1929-10-01,1.9,"NAO"
"1605",1929-11-01,1.9,"NAO"
"1759",1929-12-01,2.6,"NAO"
"66",1930-01-01,1.4,"NAO"
"220",1930-02-01,-0.2,"NAO"
"374",1930-03-01,-1.1,"NAO"
"528",1930-04-01,-0.3,"NAO"
"682",1930-05-01,2.5,"NAO"
"836",1930-06-01,2.8,"NAO"
"990",1930-07-01,-0.5,"NAO"
"1144",1930-08-01,0,"NAO"
"1298",1930-09-01,-2.8,"NAO"
"1452",1930-10-01,0.6,"NAO"
"1606",1930-11-01,1,"NAO"
"1760",1930-12-01,2.1,"NAO"
"67",1931-01-01,-0.1,"NAO"
"221",1931-02-01,1.8,"NAO"
"375",1931-03-01,-3.4,"NAO"
"529",1931-04-01,1.1,"NAO"
"683",1931-05-01,-0.7,"NAO"
"837",1931-06-01,-1.9,"NAO"
"991",1931-07-01,2.1,"NAO"
"1145",1931-08-01,-1.9,"NAO"
"1299",1931-09-01,-1.4,"NAO"
"1453",1931-10-01,-0.9,"NAO"
"1607",1931-11-01,2.4,"NAO"
"1761",1931-12-01,0,"NAO"
"68",1932-01-01,1.1,"NAO"
"222",1932-02-01,-3.5,"NAO"
"376",1932-03-01,-1.3,"NAO"
"530",1932-04-01,0.7,"NAO"
"684",1932-05-01,-1.5,"NAO"
"838",1932-06-01,-1.3,"NAO"
"992",1932-07-01,1.8,"NAO"
"1146",1932-08-01,1.6,"NAO"
"1300",1932-09-01,0.3,"NAO"
"1454",1932-10-01,1.8,"NAO"
"1608",1932-11-01,0.5,"NAO"
"1762",1932-12-01,0.1,"NAO"
"69",1933-01-01,1.5,"NAO"
"223",1933-02-01,-2.1,"NAO"
"377",1933-03-01,0.7,"NAO"
"531",1933-04-01,-1.9,"NAO"
"685",1933-05-01,0.3,"NAO"
"839",1933-06-01,2.2,"NAO"
"993",1933-07-01,2.3,"NAO"
"1147",1933-08-01,1.8,"NAO"
"1301",1933-09-01,-0.4,"NAO"
"1455",1933-10-01,-2.1,"NAO"
"1609",1933-11-01,0.3,"NAO"
"1763",1933-12-01,-0.6,"NAO"
"70",1934-01-01,1.7,"NAO"
"224",1934-02-01,0.6,"NAO"
"378",1934-03-01,2.2,"NAO"
"532",1934-04-01,-2,"NAO"
"686",1934-05-01,2.8,"NAO"
"840",1934-06-01,-2,"NAO"
"994",1934-07-01,0.4,"NAO"
"1148",1934-08-01,2.4,"NAO"
"1302",1934-09-01,2.1,"NAO"
"1456",1934-10-01,0.9,"NAO"
"1610",1934-11-01,-0.5,"NAO"
"1764",1934-12-01,-1.1,"NAO"
"71",1935-01-01,-0.1,"NAO"
"225",1935-02-01,2.2,"NAO"
"379",1935-03-01,0.2,"NAO"
"533",1935-04-01,-2,"NAO"
"687",1935-05-01,-1.8,"NAO"
"841",1935-06-01,0.8,"NAO"
"995",1935-07-01,3.8,"NAO"
"1149",1935-08-01,2,"NAO"
"1303",1935-09-01,0.4,"NAO"
"1457",1935-10-01,3.6,"NAO"
"1611",1935-11-01,1.7,"NAO"
"1765",1935-12-01,-1.7,"NAO"
"72",1936-01-01,-3,"NAO"
"226",1936-02-01,-2.6,"NAO"
"380",1936-03-01,-0.9,"NAO"
"534",1936-04-01,-0.9,"NAO"
"688",1936-05-01,0.9,"NAO"
"842",1936-06-01,0.5,"NAO"
"996",1936-07-01,1.1,"NAO"
"1150",1936-08-01,2.1,"NAO"
"1304",1936-09-01,-2.3,"NAO"
"1458",1936-10-01,2.4,"NAO"
"1612",1936-11-01,1.9,"NAO"
"1766",1936-12-01,1.3,"NAO"
"73",1937-01-01,0.6,"NAO"
"227",1937-02-01,0.1,"NAO"
"381",1937-03-01,-2,"NAO"
"535",1937-04-01,1,"NAO"
"689",1937-05-01,1.7,"NAO"
"843",1937-06-01,-0.6,"NAO"
"997",1937-07-01,-0.1,"NAO"
"1151",1937-08-01,1.3,"NAO"
"1305",1937-09-01,1.4,"NAO"
"1459",1937-10-01,-0.6,"NAO"
"1613",1937-11-01,-3.1,"NAO"
"1767",1937-12-01,-1.1,"NAO"
"74",1938-01-01,2.2,"NAO"
"228",1938-02-01,-0.8,"NAO"
"382",1938-03-01,2.4,"NAO"
"536",1938-04-01,-1.9,"NAO"
"690",1938-05-01,1.1,"NAO"
"844",1938-06-01,1.3,"NAO"
"998",1938-07-01,2.2,"NAO"
"1152",1938-08-01,1.3,"NAO"
"1306",1938-09-01,1.6,"NAO"
"1460",1938-10-01,3.8,"NAO"
"1614",1938-11-01,2.1,"NAO"
"1768",1938-12-01,0.7,"NAO"
"75",1939-01-01,-2.1,"NAO"
"229",1939-02-01,2.2,"NAO"
"383",1939-03-01,0.7,"NAO"
"537",1939-04-01,-0.4,"NAO"
"691",1939-05-01,0.3,"NAO"
"845",1939-06-01,-0.4,"NAO"
"999",1939-07-01,-0.6,"NAO"
"1153",1939-08-01,1.3,"NAO"
"1307",1939-09-01,-4,"NAO"
"1461",1939-10-01,-0.6,"NAO"
"1615",1939-11-01,1.5,"NAO"
"1769",1939-12-01,-1.7,"NAO"
"76",1940-01-01,-2.6,"NAO"
"230",1940-02-01,-2.1,"NAO"
"384",1940-03-01,-1.5,"NAO"
"538",1940-04-01,-0.5,"NAO"
"692",1940-05-01,-0.2,"NAO"
"846",1940-06-01,1.8,"NAO"
"1000",1940-07-01,0.6,"NAO"
"1154",1940-08-01,0.7,"NAO"
"1308",1940-09-01,0.1,"NAO"
"1462",1940-10-01,-0.2,"NAO"
"1616",1940-11-01,1.5,"NAO"
"1770",1940-12-01,-0.1,"NAO"
"77",1941-01-01,-2.9,"NAO"
"231",1941-02-01,-0.9,"NAO"
"385",1941-03-01,-0.9,"NAO"
"539",1941-04-01,-1.7,"NAO"
"693",1941-05-01,0.3,"NAO"
"847",1941-06-01,0.3,"NAO"
"1001",1941-07-01,1.7,"NAO"
"1155",1941-08-01,0.2,"NAO"
"1309",1941-09-01,-1.2,"NAO"
"1463",1941-10-01,-1.1,"NAO"
"1617",1941-11-01,-0.2,"NAO"
"1771",1941-12-01,0.8,"NAO"
"78",1942-01-01,1.6,"NAO"
"232",1942-02-01,-2.7,"NAO"
"386",1942-03-01,-2,"NAO"
"540",1942-04-01,-0.4,"NAO"
"694",1942-05-01,-0.1,"NAO"
"848",1942-06-01,-2,"NAO"
"1002",1942-07-01,1.5,"NAO"
"1156",1942-08-01,1.8,"NAO"
"1310",1942-09-01,2.1,"NAO"
"1464",1942-10-01,1,"NAO"
"1618",1942-11-01,-1.5,"NAO"
"1772",1942-12-01,0.3,"NAO"
"79",1943-01-01,-0.7,"NAO"
"233",1943-02-01,2.7,"NAO"
"387",1943-03-01,0.7,"NAO"
"541",1943-04-01,3.4,"NAO"
"695",1943-05-01,0.6,"NAO"
"849",1943-06-01,0.7,"NAO"
"1003",1943-07-01,0.4,"NAO"
"1157",1943-08-01,-1.6,"NAO"
"1311",1943-09-01,2.6,"NAO"
"1465",1943-10-01,0.8,"NAO"
"1619",1943-11-01,1.6,"NAO"
"1773",1943-12-01,1.1,"NAO"
"80",1944-01-01,1,"NAO"
"234",1944-02-01,-0.2,"NAO"
"388",1944-03-01,-1.8,"NAO"
"542",1944-04-01,-0.4,"NAO"
"696",1944-05-01,0.7,"NAO"
"850",1944-06-01,-0.4,"NAO"
"1004",1944-07-01,-3,"NAO"
"1158",1944-08-01,1.7,"NAO"
"1312",1944-09-01,1.1,"NAO"
"1466",1944-10-01,2,"NAO"
"1620",1944-11-01,0.5,"NAO"
"1774",1944-12-01,1.2,"NAO"
"81",1945-01-01,-2.2,"NAO"
"235",1945-02-01,2.5,"NAO"
"389",1945-03-01,0.8,"NAO"
"543",1945-04-01,-2.2,"NAO"
"697",1945-05-01,-0.3,"NAO"
"851",1945-06-01,0.5,"NAO"
"1005",1945-07-01,0.2,"NAO"
"1159",1945-08-01,1.4,"NAO"
"1313",1945-09-01,0.5,"NAO"
"1467",1945-10-01,-1.9,"NAO"
"1621",1945-11-01,-2.9,"NAO"
"1775",1945-12-01,-2.1,"NAO"
"82",1946-01-01,1.4,"NAO"
"236",1946-02-01,-0.2,"NAO"
"390",1946-03-01,0.2,"NAO"
"544",1946-04-01,3,"NAO"
"698",1946-05-01,-2.5,"NAO"
"852",1946-06-01,2.7,"NAO"
"1006",1946-07-01,2.3,"NAO"
"1160",1946-08-01,2,"NAO"
"1314",1946-09-01,1.3,"NAO"
"1468",1946-10-01,-2.7,"NAO"
"1622",1946-11-01,-0.9,"NAO"
"1776",1946-12-01,1.6,"NAO"
"83",1947-01-01,-0.2,"NAO"
"237",1947-02-01,-4.2,"NAO"
"391",1947-03-01,-2.8,"NAO"
"545",1947-04-01,3.3,"NAO"
"699",1947-05-01,-0.2,"NAO"
"853",1947-06-01,-0.1,"NAO"
"1007",1947-07-01,0.5,"NAO"
"1161",1947-08-01,-0.2,"NAO"
"1315",1947-09-01,2.4,"NAO"
"1469",1947-10-01,-0.2,"NAO"
"1623",1947-11-01,-1.9,"NAO"
"1777",1947-12-01,-2.1,"NAO"
"84",1948-01-01,0.6,"NAO"
"238",1948-02-01,-0.5,"NAO"
"392",1948-03-01,2,"NAO"
"546",1948-04-01,1.6,"NAO"
"700",1948-05-01,-0.4,"NAO"
"854",1948-06-01,-0.4,"NAO"
"1008",1948-07-01,-0.6,"NAO"
"1162",1948-08-01,-0.2,"NAO"
"1316",1948-09-01,0.1,"NAO"
"1470",1948-10-01,1.5,"NAO"
"1624",1948-11-01,-1.6,"NAO"
"1778",1948-12-01,-0.5,"NAO"
"85",1949-01-01,0.9,"NAO"
"239",1949-02-01,1.9,"NAO"
"393",1949-03-01,-0.2,"NAO"
"547",1949-04-01,2.5,"NAO"
"701",1949-05-01,-0.1,"NAO"
"855",1949-06-01,-1.7,"NAO"
"1009",1949-07-01,-0.8,"NAO"
"1163",1949-08-01,-1.1,"NAO"
"1317",1949-09-01,-0.8,"NAO"
"1471",1949-10-01,0.1,"NAO"
"1625",1949-11-01,1.6,"NAO"
"1779",1949-12-01,0.4,"NAO"
"86",1950-01-01,0,"NAO"
"240",1950-02-01,1.5,"NAO"
"394",1950-03-01,0,"NAO"
"548",1950-04-01,1.6,"NAO"
"702",1950-05-01,-2.2,"NAO"
"856",1950-06-01,-0.1,"NAO"
"1010",1950-07-01,-0.1,"NAO"
"1164",1950-08-01,1.4,"NAO"
"1318",1950-09-01,3,"NAO"
"1472",1950-10-01,1.2,"NAO"
"1626",1950-11-01,-0.6,"NAO"
"1780",1950-12-01,-1,"NAO"
"87",1951-01-01,1,"NAO"
"241",1951-02-01,1.4,"NAO"
"395",1951-03-01,-2.1,"NAO"
"549",1951-04-01,-1.6,"NAO"
"703",1951-05-01,-1.8,"NAO"
"857",1951-06-01,-2.8,"NAO"
"1011",1951-07-01,-0.3,"NAO"
"1165",1951-08-01,2.2,"NAO"
"1319",1951-09-01,0.2,"NAO"
"1473",1951-10-01,1.5,"NAO"
"1627",1951-11-01,-0.1,"NAO"
"1781",1951-12-01,2.4,"NAO"
"88",1952-01-01,2,"NAO"
"242",1952-02-01,-1.2,"NAO"
"396",1952-03-01,-2.1,"NAO"
"550",1952-04-01,2.2,"NAO"
"704",1952-05-01,-2,"NAO"
"858",1952-06-01,-0.2,"NAO"
"1012",1952-07-01,0.9,"NAO"
"1166",1952-08-01,-0.5,"NAO"
"1320",1952-09-01,-1.8,"NAO"
"1474",1952-10-01,-0.2,"NAO"
"1628",1952-11-01,-1.8,"NAO"
"1782",1952-12-01,-0.8,"NAO"
"89",1953-01-01,-1.2,"NAO"
"243",1953-02-01,0.6,"NAO"
"397",1953-03-01,0.5,"NAO"
"551",1953-04-01,-2.7,"NAO"
"705",1953-05-01,-1.2,"NAO"
"859",1953-06-01,1.5,"NAO"
"1013",1953-07-01,2.2,"NAO"
"1167",1953-08-01,2.1,"NAO"
"1321",1953-09-01,1.4,"NAO"
"1475",1953-10-01,1.6,"NAO"
"1629",1953-11-01,2.1,"NAO"
"1783",1953-12-01,0.9,"NAO"
"90",1954-01-01,0.3,"NAO"
"244",1954-02-01,1.6,"NAO"
"398",1954-03-01,0.7,"NAO"
"552",1954-04-01,0.9,"NAO"
"706",1954-05-01,-1.6,"NAO"
"860",1954-06-01,1.1,"NAO"
"1014",1954-07-01,3.3,"NAO"
"1168",1954-08-01,0,"NAO"
"1322",1954-09-01,2.4,"NAO"
"1476",1954-10-01,1,"NAO"
"1630",1954-11-01,2.1,"NAO"
"1784",1954-12-01,1.6,"NAO"
"91",1955-01-01,-2,"NAO"
"245",1955-02-01,-2.2,"NAO"
"399",1955-03-01,-2.6,"NAO"
"553",1955-04-01,0.8,"NAO"
"707",1955-05-01,0,"NAO"
"861",1955-06-01,-0.2,"NAO"
"1015",1955-07-01,1.4,"NAO"
"1169",1955-08-01,1.3,"NAO"
"1323",1955-09-01,3.7,"NAO"
"1477",1955-10-01,-1.3,"NAO"
"1631",1955-11-01,-3.1,"NAO"
"1785",1955-12-01,-0.8,"NAO"
"92",1956-01-01,-0.8,"NAO"
"246",1956-02-01,-2.2,"NAO"
"400",1956-03-01,0.6,"NAO"
"554",1956-04-01,-1.6,"NAO"
"708",1956-05-01,4.9,"NAO"
"862",1956-06-01,1,"NAO"
"1016",1956-07-01,-0.8,"NAO"
"1170",1956-08-01,-1.2,"NAO"
"1324",1956-09-01,-0.7,"NAO"
"1478",1956-10-01,0.9,"NAO"
"1632",1956-11-01,1.7,"NAO"
"1786",1956-12-01,1.7,"NAO"
"93",1957-01-01,1.8,"NAO"
"247",1957-02-01,-1,"NAO"
"401",1957-03-01,-1.7,"NAO"
"555",1957-04-01,1,"NAO"
"709",1957-05-01,0.3,"NAO"
"863",1957-06-01,-3.1,"NAO"
"1017",1957-07-01,-1.6,"NAO"
"1171",1957-08-01,0.8,"NAO"
"1325",1957-09-01,-1.9,"NAO"
"1479",1957-10-01,2.5,"NAO"
"1633",1957-11-01,-1.9,"NAO"
"1787",1957-12-01,1.3,"NAO"
"94",1958-01-01,-0.6,"NAO"
"248",1958-02-01,-2.4,"NAO"
"402",1958-03-01,-2.5,"NAO"
"556",1958-04-01,1.5,"NAO"
"710",1958-05-01,-0.6,"NAO"
"864",1958-06-01,-2,"NAO"
"1018",1958-07-01,-2.1,"NAO"
"1172",1958-08-01,-0.5,"NAO"
"1326",1958-09-01,-1.3,"NAO"
"1480",1958-10-01,1.6,"NAO"
"1634",1958-11-01,1.7,"NAO"
"1788",1958-12-01,-1,"NAO"
"95",1959-01-01,-3,"NAO"
"249",1959-02-01,1.6,"NAO"
"403",1959-03-01,1.7,"NAO"
"557",1959-04-01,0.8,"NAO"
"711",1959-05-01,-0.4,"NAO"
"865",1959-06-01,1.4,"NAO"
"1019",1959-07-01,1.9,"NAO"
"1173",1959-08-01,-0.2,"NAO"
"1327",1959-09-01,-0.2,"NAO"
"1481",1959-10-01,1.5,"NAO"
"1635",1959-11-01,1.2,"NAO"
"1789",1959-12-01,2,"NAO"
"96",1960-01-01,-2,"NAO"
"250",1960-02-01,-3.3,"NAO"
"404",1960-03-01,-0.8,"NAO"
"558",1960-04-01,1.5,"NAO"
"712",1960-05-01,0,"NAO"
"866",1960-06-01,0.6,"NAO"
"1020",1960-07-01,2,"NAO"
"1174",1960-08-01,-3.5,"NAO"
"1328",1960-09-01,1.4,"NAO"
"1482",1960-10-01,-2.9,"NAO"
"1636",1960-11-01,0.5,"NAO"
"1790",1960-12-01,2.1,"NAO"
"97",1961-01-01,0.9,"NAO"
"251",1961-02-01,1,"NAO"
"405",1961-03-01,0.3,"NAO"
"559",1961-04-01,-1.3,"NAO"
"713",1961-05-01,-1.2,"NAO"
"867",1961-06-01,3.5,"NAO"
"1021",1961-07-01,0.3,"NAO"
"1175",1961-08-01,1.3,"NAO"
"1329",1961-09-01,2.1,"NAO"
"1483",1961-10-01,1.8,"NAO"
"1637",1961-11-01,-0.2,"NAO"
"1791",1961-12-01,-4.5,"NAO"
"98",1962-01-01,2.1,"NAO"
"252",1962-02-01,0.9,"NAO"
"406",1962-03-01,-4.2,"NAO"
"560",1962-04-01,0.4,"NAO"
"714",1962-05-01,-0.3,"NAO"
"868",1962-06-01,-0.4,"NAO"
"1022",1962-07-01,-2.4,"NAO"
"1176",1962-08-01,0.9,"NAO"
"1330",1962-09-01,-0.6,"NAO"
"1484",1962-10-01,0,"NAO"
"1638",1962-11-01,-0.4,"NAO"
"1792",1962-12-01,-1.2,"NAO"
"99",1963-01-01,-5.1,"NAO"
"253",1963-02-01,-1.2,"NAO"
"407",1963-03-01,0.9,"NAO"
"561",1963-04-01,-0.9,"NAO"
"715",1963-05-01,5.2,"NAO"
"869",1963-06-01,-1.8,"NAO"
"1023",1963-07-01,-2.3,"NAO"
"1177",1963-08-01,0.3,"NAO"
"1331",1963-09-01,2,"NAO"
"1485",1963-10-01,2.1,"NAO"
"1639",1963-11-01,-1.2,"NAO"
"1793",1963-12-01,-2.5,"NAO"
"100",1964-01-01,-1.5,"NAO"
"254",1964-02-01,-1.5,"NAO"
"408",1964-03-01,-1.3,"NAO"
"562",1964-04-01,1.2,"NAO"
"716",1964-05-01,1.6,"NAO"
"870",1964-06-01,-0.3,"NAO"
"1024",1964-07-01,1.6,"NAO"
"1178",1964-08-01,-3,"NAO"
"1332",1964-09-01,-0.9,"NAO"
"1486",1964-10-01,1.2,"NAO"
"1640",1964-11-01,0.5,"NAO"
"1794",1964-12-01,0,"NAO"
"101",1965-01-01,-0.2,"NAO"
"255",1965-02-01,-3.7,"NAO"
"409",1965-03-01,-1.2,"NAO"
"563",1965-04-01,3,"NAO"
"717",1965-05-01,-0.7,"NAO"
"871",1965-06-01,1.1,"NAO"
"1025",1965-07-01,-0.9,"NAO"
"1179",1965-08-01,0.6,"NAO"
"1333",1965-09-01,-0.2,"NAO"
"1487",1965-10-01,-0.6,"NAO"
"1641",1965-11-01,-1.9,"NAO"
"1795",1965-12-01,0.7,"NAO"
"102",1966-01-01,-3.5,"NAO"
"256",1966-02-01,-2.5,"NAO"
"410",1966-03-01,0.4,"NAO"
"564",1966-04-01,-1.1,"NAO"
"718",1966-05-01,2.3,"NAO"
"872",1966-06-01,0.9,"NAO"
"1026",1966-07-01,0.8,"NAO"
"1180",1966-08-01,-2.9,"NAO"
"1334",1966-09-01,-1.2,"NAO"
"1488",1966-10-01,-3.4,"NAO"
"1642",1966-11-01,0.7,"NAO"
"1796",1966-12-01,1.8,"NAO"
"103",1967-01-01,-1.6,"NAO"
"257",1967-02-01,1.4,"NAO"
"411",1967-03-01,2.4,"NAO"
"565",1967-04-01,0.7,"NAO"
"719",1967-05-01,-0.4,"NAO"
"873",1967-06-01,2.1,"NAO"
"1027",1967-07-01,-0.5,"NAO"
"1181",1967-08-01,0.2,"NAO"
"1335",1967-09-01,0.1,"NAO"
"1489",1967-10-01,2,"NAO"
"1643",1967-11-01,1,"NAO"
"1797",1967-12-01,-0.9,"NAO"
"104",1968-01-01,0.5,"NAO"
"258",1968-02-01,-1.7,"NAO"
"412",1968-03-01,1.7,"NAO"
"566",1968-04-01,-1.9,"NAO"
"720",1968-05-01,-0.8,"NAO"
"874",1968-06-01,0.3,"NAO"
"1028",1968-07-01,-3.6,"NAO"
"1182",1968-08-01,-1.1,"NAO"
"1336",1968-09-01,-1,"NAO"
"1490",1968-10-01,-3.1,"NAO"
"1644",1968-11-01,-1.7,"NAO"
"1798",1968-12-01,-1.4,"NAO"
"105",1969-01-01,-3.3,"NAO"
"259",1969-02-01,-3.2,"NAO"
"413",1969-03-01,-2.6,"NAO"
"567",1969-04-01,1.5,"NAO"
"721",1969-05-01,-1.3,"NAO"
"875",1969-06-01,0,"NAO"
"1029",1969-07-01,1.2,"NAO"
"1183",1969-08-01,-0.6,"NAO"
"1337",1969-09-01,1.8,"NAO"
"1491",1969-10-01,0.5,"NAO"
"1645",1969-11-01,-0.6,"NAO"
"1799",1969-12-01,1.3,"NAO"
"106",1970-01-01,-2.9,"NAO"
"260",1970-02-01,1.1,"NAO"
"414",1970-03-01,-1.3,"NAO"
"568",1970-04-01,0.9,"NAO"
"722",1970-05-01,2,"NAO"
"876",1970-06-01,0.6,"NAO"
"1030",1970-07-01,-0.5,"NAO"
"1184",1970-08-01,-0.6,"NAO"
"1338",1970-09-01,0.3,"NAO"
"1492",1970-10-01,-0.6,"NAO"
"1646",1970-11-01,0,"NAO"
"1800",1970-12-01,-1.5,"NAO"
"107",1971-01-01,-1.2,"NAO"
"261",1971-02-01,1,"NAO"
"415",1971-03-01,0.2,"NAO"
"569",1971-04-01,-1.8,"NAO"
"723",1971-05-01,2.4,"NAO"
"877",1971-06-01,-1.9,"NAO"
"1031",1971-07-01,-1.9,"NAO"
"1185",1971-08-01,2.2,"NAO"
"1339",1971-09-01,-1.8,"NAO"
"1493",1971-10-01,-0.4,"NAO"
"1647",1971-11-01,1.1,"NAO"
"1801",1971-12-01,0.8,"NAO"
"108",1972-01-01,0.4,"NAO"
"262",1972-02-01,0.6,"NAO"
"416",1972-03-01,1.1,"NAO"
"570",1972-04-01,1.2,"NAO"
"724",1972-05-01,2.7,"NAO"
"878",1972-06-01,3.1,"NAO"
"1032",1972-07-01,-0.8,"NAO"
"1186",1972-08-01,0.1,"NAO"
"1340",1972-09-01,-3.1,"NAO"
"1494",1972-10-01,-1.4,"NAO"
"1648",1972-11-01,1.3,"NAO"
"1802",1972-12-01,1.7,"NAO"
"109",1973-01-01,0.5,"NAO"
"263",1973-02-01,2.3,"NAO"
"417",1973-03-01,0.9,"NAO"
"571",1973-04-01,-3.3,"NAO"
"725",1973-05-01,-0.8,"NAO"
"879",1973-06-01,1.9,"NAO"
"1033",1973-07-01,0.5,"NAO"
"1187",1973-08-01,0.8,"NAO"
"1341",1973-09-01,-0.3,"NAO"
"1495",1973-10-01,-1.1,"NAO"
"1649",1973-11-01,-1.2,"NAO"
"1803",1973-12-01,0,"NAO"
"110",1974-01-01,2.2,"NAO"
"264",1974-02-01,1.1,"NAO"
"418",1974-03-01,0.3,"NAO"
"572",1974-04-01,-0.4,"NAO"
"726",1974-05-01,-0.3,"NAO"
"880",1974-06-01,-1,"NAO"
"1034",1974-07-01,1.1,"NAO"
"1188",1974-08-01,0,"NAO"
"1342",1974-09-01,1,"NAO"
"1496",1974-10-01,-0.1,"NAO"
"1650",1974-11-01,0.8,"NAO"
"1804",1974-12-01,1.8,"NAO"
"111",1975-01-01,1.3,"NAO"
"265",1975-02-01,-0.6,"NAO"
"419",1975-03-01,-0.3,"NAO"
"573",1975-04-01,0.1,"NAO"
"727",1975-05-01,-1,"NAO"
"881",1975-06-01,-0.9,"NAO"
"1035",1975-07-01,-0.7,"NAO"
"1189",1975-08-01,-0.4,"NAO"
"1343",1975-09-01,2,"NAO"
"1497",1975-10-01,-1,"NAO"
"1651",1975-11-01,1.2,"NAO"
"1805",1975-12-01,-0.6,"NAO"
"112",1976-01-01,0.7,"NAO"
"266",1976-02-01,1.2,"NAO"
"420",1976-03-01,2.3,"NAO"
"574",1976-04-01,0.4,"NAO"
"728",1976-05-01,2.6,"NAO"
"882",1976-06-01,0.7,"NAO"
"1036",1976-07-01,-3,"NAO"
"1190",1976-08-01,-2.6,"NAO"
"1344",1976-09-01,-4.6,"NAO"
"1498",1976-10-01,1.6,"NAO"
"1652",1976-11-01,1.2,"NAO"
"1806",1976-12-01,-2.6,"NAO"
"113",1977-01-01,-1.7,"NAO"
"267",1977-02-01,-1,"NAO"
"421",1977-03-01,-0.5,"NAO"
"575",1977-04-01,0.6,"NAO"
"729",1977-05-01,-0.4,"NAO"
"883",1977-06-01,-1.5,"NAO"
"1037",1977-07-01,0.5,"NAO"
"1191",1977-08-01,-0.5,"NAO"
"1345",1977-09-01,-0.9,"NAO"
"1499",1977-10-01,0.7,"NAO"
"1653",1977-11-01,-0.7,"NAO"
"1807",1977-12-01,-1.6,"NAO"
"114",1978-01-01,1.6,"NAO"
"268",1978-02-01,-3.1,"NAO"
"422",1978-03-01,2.9,"NAO"
"576",1978-04-01,-1.9,"NAO"
"730",1978-05-01,1.5,"NAO"
"884",1978-06-01,1.2,"NAO"
"1038",1978-07-01,-2.3,"NAO"
"1192",1978-08-01,-2.1,"NAO"
"1346",1978-09-01,0.2,"NAO"
"1500",1978-10-01,-0.2,"NAO"
"1654",1978-11-01,2.7,"NAO"
"1808",1978-12-01,-3.1,"NAO"
"115",1979-01-01,-2.6,"NAO"
"269",1979-02-01,-1,"NAO"
"423",1979-03-01,1.2,"NAO"
"577",1979-04-01,-1.5,"NAO"
"731",1979-05-01,-0.1,"NAO"
"885",1979-06-01,0.6,"NAO"
"1039",1979-07-01,0.5,"NAO"
"1193",1979-08-01,0,"NAO"
"1347",1979-09-01,0.4,"NAO"
"1501",1979-10-01,0.2,"NAO"
"1655",1979-11-01,1.3,"NAO"
"1809",1979-12-01,1.3,"NAO"
"116",1980-01-01,-1.7,"NAO"
"270",1980-02-01,0.5,"NAO"
"424",1980-03-01,0,"NAO"
"578",1980-04-01,-0.2,"NAO"
"732",1980-05-01,-2.1,"NAO"
"886",1980-06-01,1.3,"NAO"
"1040",1980-07-01,-1.6,"NAO"
"1194",1980-08-01,-2.1,"NAO"
"1348",1980-09-01,1.6,"NAO"
"1502",1980-10-01,-1.3,"NAO"
"1656",1980-11-01,-2.7,"NAO"
"1810",1980-12-01,1.5,"NAO"
"117",1981-01-01,1,"NAO"
"271",1981-02-01,1.2,"NAO"
"425",1981-03-01,-1.1,"NAO"
"579",1981-04-01,-1.2,"NAO"
"733",1981-05-01,0.1,"NAO"
"887",1981-06-01,-1.8,"NAO"
"1041",1981-07-01,1.6,"NAO"
"1195",1981-08-01,0.4,"NAO"
"1349",1981-09-01,-0.3,"NAO"
"1503",1981-10-01,0.3,"NAO"
"1657",1981-11-01,-0.8,"NAO"
"1811",1981-12-01,-1.6,"NAO"
"118",1982-01-01,-1.3,"NAO"
"272",1982-02-01,1.7,"NAO"
"426",1982-03-01,2.5,"NAO"
"580",1982-04-01,-0.6,"NAO"
"734",1982-05-01,1,"NAO"
"888",1982-06-01,-3,"NAO"
"1042",1982-07-01,-0.8,"NAO"
"1196",1982-08-01,2.5,"NAO"
"1350",1982-09-01,0.5,"NAO"
"1504",1982-10-01,1.1,"NAO"
"1658",1982-11-01,2.2,"NAO"
"1812",1982-12-01,2.6,"NAO"
"119",1983-01-01,2.6,"NAO"
"273",1983-02-01,-1.1,"NAO"
"427",1983-03-01,2,"NAO"
"581",1983-04-01,-1.2,"NAO"
"735",1983-05-01,-0.4,"NAO"
"889",1983-06-01,0.6,"NAO"
"1043",1983-07-01,-0.5,"NAO"
"1197",1983-08-01,1.4,"NAO"
"1351",1983-09-01,-1.9,"NAO"
"1505",1983-10-01,2,"NAO"
"1659",1983-11-01,-3.6,"NAO"
"1813",1983-12-01,0.3,"NAO"
"120",1984-01-01,3.4,"NAO"
"274",1984-02-01,1.6,"NAO"
"428",1984-03-01,-1.9,"NAO"
"582",1984-04-01,-1,"NAO"
"736",1984-05-01,1.6,"NAO"
"890",1984-06-01,0.3,"NAO"
"1044",1984-07-01,-1.7,"NAO"
"1198",1984-08-01,0.5,"NAO"
"1352",1984-09-01,0.4,"NAO"
"1506",1984-10-01,1.3,"NAO"
"1660",1984-11-01,0.3,"NAO"
"1814",1984-12-01,1.5,"NAO"
"121",1985-01-01,-2.7,"NAO"
"275",1985-02-01,-1.5,"NAO"
"429",1985-03-01,0.6,"NAO"
"583",1985-04-01,0.2,"NAO"
"737",1985-05-01,-0.9,"NAO"
"891",1985-06-01,-1.9,"NAO"
"1045",1985-07-01,0.3,"NAO"
"1199",1985-08-01,1.2,"NAO"
"1353",1985-09-01,-1.7,"NAO"
"1507",1985-10-01,-0.4,"NAO"
"1661",1985-11-01,-2.4,"NAO"
"1815",1985-12-01,-1.2,"NAO"
"122",1986-01-01,2.4,"NAO"
"276",1986-02-01,-2.7,"NAO"
"430",1986-03-01,3.9,"NAO"
"584",1986-04-01,0,"NAO"
"738",1986-05-01,2.4,"NAO"
"892",1986-06-01,0.6,"NAO"
"1046",1986-07-01,0.6,"NAO"
"1200",1986-08-01,-3.7,"NAO"
"1354",1986-09-01,-3.3,"NAO"
"1508",1986-10-01,3.6,"NAO"
"1662",1986-11-01,3.3,"NAO"
"1816",1986-12-01,1.9,"NAO"
"123",1987-01-01,-3.5,"NAO"
"277",1987-02-01,-0.7,"NAO"
"431",1987-03-01,-0.1,"NAO"
"585",1987-04-01,0.6,"NAO"
"739",1987-05-01,-1.8,"NAO"
"893",1987-06-01,-1.1,"NAO"
"1047",1987-07-01,0,"NAO"
"1201",1987-08-01,-3.3,"NAO"
"1355",1987-09-01,-0.4,"NAO"
"1509",1987-10-01,0.8,"NAO"
"1663",1987-11-01,0.1,"NAO"
"1817",1987-12-01,-2.3,"NAO"
"124",1988-01-01,1.1,"NAO"
"278",1988-02-01,0.3,"NAO"
"432",1988-03-01,0.9,"NAO"
"586",1988-04-01,-2.4,"NAO"
"740",1988-05-01,-0.4,"NAO"
"894",1988-06-01,0.2,"NAO"
"1048",1988-07-01,0.8,"NAO"
"1202",1988-08-01,1.5,"NAO"
"1356",1988-09-01,0.6,"NAO"
"1510",1988-10-01,-1.6,"NAO"
"1664",1988-11-01,-2.2,"NAO"
"1818",1988-12-01,0.5,"NAO"
"125",1989-01-01,2.4,"NAO"
"279",1989-02-01,3.2,"NAO"
"433",1989-03-01,3.2,"NAO"
"587",1989-04-01,0.8,"NAO"
"741",1989-05-01,0.3,"NAO"
"895",1989-06-01,-1.2,"NAO"
"1049",1989-07-01,-0.6,"NAO"
"1203",1989-08-01,2.4,"NAO"
"1357",1989-09-01,-0.4,"NAO"
"1511",1989-10-01,0.9,"NAO"
"1665",1989-11-01,-1.4,"NAO"
"1819",1989-12-01,-3.4,"NAO"
"126",1990-01-01,3,"NAO"
"280",1990-02-01,3.2,"NAO"
"434",1990-03-01,2.3,"NAO"
"588",1990-04-01,3.1,"NAO"
"742",1990-05-01,-2,"NAO"
"896",1990-06-01,1,"NAO"
"1050",1990-07-01,-0.1,"NAO"
"1204",1990-08-01,0.9,"NAO"
"1358",1990-09-01,-0.7,"NAO"
"1512",1990-10-01,0.5,"NAO"
"1666",1990-11-01,-1.1,"NAO"
"1820",1990-12-01,1.1,"NAO"
"127",1991-01-01,0.7,"NAO"
"281",1991-02-01,0.5,"NAO"
"435",1991-03-01,-0.1,"NAO"
"589",1991-04-01,1.1,"NAO"
"743",1991-05-01,1,"NAO"
"897",1991-06-01,-0.9,"NAO"
"1051",1991-07-01,-1.4,"NAO"
"1205",1991-08-01,1.6,"NAO"
"1359",1991-09-01,-0.5,"NAO"
"1513",1991-10-01,-0.3,"NAO"
"1667",1991-11-01,1.6,"NAO"
"1821",1991-12-01,0.2,"NAO"
"128",1992-01-01,-1,"NAO"
"282",1992-02-01,2,"NAO"
"436",1992-03-01,2,"NAO"
"590",1992-04-01,1.8,"NAO"
"744",1992-05-01,0.3,"NAO"
"898",1992-06-01,-0.2,"NAO"
"1052",1992-07-01,-0.2,"NAO"
"1206",1992-08-01,2.3,"NAO"
"1360",1992-09-01,-0.5,"NAO"
"1514",1992-10-01,-1.2,"NAO"
"1668",1992-11-01,2.2,"NAO"
"1822",1992-12-01,1.2,"NAO"
"129",1993-01-01,2.1,"NAO"
"283",1993-02-01,0.3,"NAO"
"437",1993-03-01,1.2,"NAO"
"591",1993-04-01,1.5,"NAO"
"745",1993-05-01,-3.6,"NAO"
"899",1993-06-01,-0.3,"NAO"
"1053",1993-07-01,-0.2,"NAO"
"1207",1993-08-01,-0.2,"NAO"
"1361",1993-09-01,-2.6,"NAO"
"1515",1993-10-01,-0.7,"NAO"
"1669",1993-11-01,2.5,"NAO"
"1823",1993-12-01,2.6,"NAO"
"130",1994-01-01,2,"NAO"
"284",1994-02-01,-0.4,"NAO"
"438",1994-03-01,4.4,"NAO"
"592",1994-04-01,1.1,"NAO"
"746",1994-05-01,-0.5,"NAO"
"900",1994-06-01,2.1,"NAO"
"1054",1994-07-01,0.7,"NAO"
"1208",1994-08-01,-1,"NAO"
"1362",1994-09-01,-0.1,"NAO"
"1516",1994-10-01,-1.2,"NAO"
"1670",1994-11-01,0.2,"NAO"
"1824",1994-12-01,1.6,"NAO"
"131",1995-01-01,1.4,"NAO"
"285",1995-02-01,2.3,"NAO"
"439",1995-03-01,1.8,"NAO"
"593",1995-04-01,-1.9,"NAO"
"747",1995-05-01,-0.8,"NAO"
"901",1995-06-01,-2.1,"NAO"
"1055",1995-07-01,-1.4,"NAO"
"1209",1995-08-01,-0.8,"NAO"
"1363",1995-09-01,0.6,"NAO"
"1517",1995-10-01,-0.3,"NAO"
"1671",1995-11-01,-3,"NAO"
"1825",1995-12-01,-3.8,"NAO"
"132",1996-01-01,-1.8,"NAO"
"286",1996-02-01,0.9,"NAO"
"440",1996-03-01,-2.6,"NAO"
"594",1996-04-01,-1,"NAO"
"748",1996-05-01,-1.8,"NAO"
"902",1996-06-01,0.7,"NAO"
"1056",1996-07-01,1.2,"NAO"
"1210",1996-08-01,0.6,"NAO"
"1364",1996-09-01,-0.6,"NAO"
"1518",1996-10-01,1.6,"NAO"
"1672",1996-11-01,1,"NAO"
"1826",1996-12-01,-3.6,"NAO"
"133",1997-01-01,-2.4,"NAO"
"287",1997-02-01,3.7,"NAO"
"441",1997-03-01,1.2,"NAO"
"595",1997-04-01,-1.8,"NAO"
"749",1997-05-01,-1.9,"NAO"
"903",1997-06-01,-3.1,"NAO"
"1057",1997-07-01,1.1,"NAO"
"1211",1997-08-01,0.7,"NAO"
"1365",1997-09-01,-0.8,"NAO"
"1519",1997-10-01,-2.6,"NAO"
"1673",1997-11-01,0.1,"NAO"
"1827",1997-12-01,-0.5,"NAO"
"134",1998-01-01,-0.7,"NAO"
"288",1998-02-01,0.7,"NAO"
"442",1998-03-01,0.5,"NAO"
"596",1998-04-01,0.7,"NAO"
"750",1998-05-01,-0.2,"NAO"
"904",1998-06-01,-1,"NAO"
"1058",1998-07-01,0.3,"NAO"
"1212",1998-08-01,1.5,"NAO"
"1366",1998-09-01,-2,"NAO"
"1520",1998-10-01,1,"NAO"
"1674",1998-11-01,0.9,"NAO"
"1828",1998-12-01,1.6,"NAO"
"135",1999-01-01,1.3,"NAO"
"289",1999-02-01,2.2,"NAO"
"443",1999-03-01,0.2,"NAO"
"597",1999-04-01,0,"NAO"
"751",1999-05-01,0.4,"NAO"
"905",1999-06-01,1.2,"NAO"
"1059",1999-07-01,-1.8,"NAO"
"1213",1999-08-01,-2.6,"NAO"
"1367",1999-09-01,0.9,"NAO"
"1521",1999-10-01,0.4,"NAO"
"1675",1999-11-01,0.8,"NAO"
"1829",1999-12-01,1.7,"NAO"
"136",2000-01-01,0.1,"NAO"
"290",2000-02-01,3.1,"NAO"
"444",2000-03-01,0.4,"NAO"
"598",2000-04-01,-2.5,"NAO"
"752",2000-05-01,1.4,"NAO"
"906",2000-06-01,-0.5,"NAO"
"1060",2000-07-01,-2.9,"NAO"
"1214",2000-08-01,0.4,"NAO"
"1368",2000-09-01,0.2,"NAO"
"1522",2000-10-01,4.5,"NAO"
"1676",2000-11-01,0,"NAO"
"1830",2000-12-01,-2.2,"NAO"
"137",2001-01-01,-0.1,"NAO"
"291",2001-02-01,-0.5,"NAO"
"445",2001-03-01,-1.5,"NAO"
"599",2001-04-01,1.4,"NAO"
"753",2001-05-01,-1,"NAO"
"907",2001-06-01,-1.9,"NAO"
"1061",2001-07-01,0.3,"NAO"
"1215",2001-08-01,0.6,"NAO"
"1369",2001-09-01,-2.8,"NAO"
"1523",2001-10-01,0.9,"NAO"
"1677",2001-11-01,1.4,"NAO"
"1831",2001-12-01,-4.1,"NAO"
"138",2002-01-01,0.5,"NAO"
"292",2002-02-01,1.7,"NAO"
"446",2002-03-01,0.9,"NAO"
"600",2002-04-01,2.2,"NAO"
"754",2002-05-01,1.9,"NAO"
"908",2002-06-01,1.9,"NAO"
"1062",2002-07-01,1.6,"NAO"
"1216",2002-08-01,0.6,"NAO"
"1370",2002-09-01,-4.4,"NAO"
"1524",2002-10-01,-2,"NAO"
"1678",2002-11-01,1.3,"NAO"
"1832",2002-12-01,-2.4,"NAO"
"139",2003-01-01,0.4,"NAO"
"293",2003-02-01,1.2,"NAO"
"447",2003-03-01,0.5,"NAO"
"601",2003-04-01,-1.9,"NAO"
"755",2003-05-01,0.8,"NAO"
"909",2003-06-01,-0.5,"NAO"
"1063",2003-07-01,0.4,"NAO"
"1217",2003-08-01,-2,"NAO"
"1371",2003-09-01,-0.6,"NAO"
"1525",2003-10-01,-1,"NAO"
"1679",2003-11-01,1.4,"NAO"
"1833",2003-12-01,-1.1,"NAO"
"140",2004-01-01,0.2,"NAO"
"294",2004-02-01,-1.4,"NAO"
"448",2004-03-01,1.5,"NAO"
"602",2004-04-01,1.7,"NAO"
"756",2004-05-01,0.9,"NAO"
"910",2004-06-01,-1.5,"NAO"
"1064",2004-07-01,-0.8,"NAO"
"1218",2004-08-01,-1.5,"NAO"
"1372",2004-09-01,2,"NAO"
"1526",2004-10-01,-2,"NAO"
"1680",2004-11-01,-0.2,"NAO"
"1834",2004-12-01,2.6,"NAO"
"141",2005-01-01,1,"NAO"
"295",2005-02-01,-0.6,"NAO"
"449",2005-03-01,-3,"NAO"
"603",2005-04-01,0.2,"NAO"
"757",2005-05-01,-1.6,"NAO"
"911",2005-06-01,-1.4,"NAO"
"1065",2005-07-01,-0.5,"NAO"
"1219",2005-08-01,1.8,"NAO"
"1373",2005-09-01,1.2,"NAO"
"1527",2005-10-01,-1.5,"NAO"
"1681",2005-11-01,0.7,"NAO"
"1835",2005-12-01,-0.7,"NAO"
"142",2006-01-01,1,"NAO"
"296",2006-02-01,-0.7,"NAO"
"450",2006-03-01,-1.8,"NAO"
"604",2006-04-01,1,"NAO"
"758",2006-05-01,-0.6,"NAO"
"912",2006-06-01,0,"NAO"
"1066",2006-07-01,-0.3,"NAO"
"1220",2006-08-01,-0.9,"NAO"
"1374",2006-09-01,-0.4,"NAO"
"1528",2006-10-01,-2.4,"NAO"
"1682",2006-11-01,1.2,"NAO"
"1836",2006-12-01,2.1,"NAO"
"143",2007-01-01,1.1,"NAO"
"297",2007-02-01,-0.2,"NAO"
"451",2007-03-01,3.1,"NAO"
"605",2007-04-01,-0.1,"NAO"
"759",2007-05-01,2.9,"NAO"
"913",2007-06-01,-3.5,"NAO"
"1067",2007-07-01,-1,"NAO"
"1221",2007-08-01,-0.2,"NAO"
"1375",2007-09-01,-0.1,"NAO"
"1529",2007-10-01,0.9,"NAO"
"1683",2007-11-01,-1.2,"NAO"
"1837",2007-12-01,0.9,"NAO"
"144",2008-01-01,1.4,"NAO"
"298",2008-02-01,0.4,"NAO"
"452",2008-03-01,1.6,"NAO"
"606",2008-04-01,-2.8,"NAO"
"760",2008-05-01,-2.1,"NAO"
"914",2008-06-01,-0.2,"NAO"
"1068",2008-07-01,0,"NAO"
"1222",2008-08-01,2,"NAO"
"1376",2008-09-01,0.2,"NAO"
"1530",2008-10-01,3.1,"NAO"
"1684",2008-11-01,1.3,"NAO"
"1838",2008-12-01,0.5,"NAO"
"145",2009-01-01,1.6,"NAO"
"299",2009-02-01,-0.2,"NAO"
"453",2009-03-01,1.7,"NAO"
"607",2009-04-01,2.8,"NAO"
"761",2009-05-01,2.7,"NAO"
"915",2009-06-01,-3.8,"NAO"
"1069",2009-07-01,-2,"NAO"
"1223",2009-08-01,2.2,"NAO"
"1377",2009-09-01,1.4,"NAO"
"1531",2009-10-01,-2.2,"NAO"
"1685",2009-11-01,2.1,"NAO"
"1839",2009-12-01,-4.6,"NAO"
"146",2010-01-01,-1.9,"NAO"
"300",2010-02-01,-3.6,"NAO"
"454",2010-03-01,-1.5,"NAO"
"608",2010-04-01,-2.5,"NAO"
"762",2010-05-01,-0.8,"NAO"
"916",2010-06-01,-0.3,"NAO"
"1070",2010-07-01,1.7,"NAO"
"1224",2010-08-01,-1.9,"NAO"
"1378",2010-09-01,-0.2,"NAO"
"1532",2010-10-01,-0.8,"NAO"
"1686",2010-11-01,-1.5,"NAO"
"1840",2010-12-01,-5.6,"NAO"
"147",2011-01-01,-1.3,"NAO"
"301",2011-02-01,1.9,"NAO"
"455",2011-03-01,0.4,"NAO"
"609",2011-04-01,2.1,"NAO"
"763",2011-05-01,1.8,"NAO"
"917",2011-06-01,-0.8,"NAO"
"1071",2011-07-01,0.3,"NAO"
"1225",2011-08-01,-1.4,"NAO"
"1379",2011-09-01,1.1,"NAO"
"1533",2011-10-01,1.6,"NAO"
"1687",2011-11-01,1.2,"NAO"
"1841",2011-12-01,3.5,"NAO"
"148",2012-01-01,1.7,"NAO"
"302",2012-02-01,1.3,"NAO"
"456",2012-03-01,0.9,"NAO"
"610",2012-04-01,0.4,"NAO"
"764",2012-05-01,-3.3,"NAO"
"918",2012-06-01,-2.5,"NAO"
"1072",2012-07-01,-0.6,"NAO"
"1226",2012-08-01,-2.1,"NAO"
"1380",2012-09-01,-0.1,"NAO"
"1534",2012-10-01,-3.3,"NAO"
"1688",2012-11-01,1.6,"NAO"
"1842",2012-12-01,-0.4,"NAO"
"149",2013-01-01,0.8,"NAO"
"303",2013-02-01,0.1,"NAO"
"457",2013-03-01,-4.3,"NAO"
"611",2013-04-01,-0.4,"NAO"
"765",2013-05-01,3,"NAO"
"919",2013-06-01,1.8,"NAO"
"1073",2013-07-01,-1.5,"NAO"
"1227",2013-08-01,2.7,"NAO"
"1381",2013-09-01,-0.2,"NAO"
"1535",2013-10-01,-1,"NAO"
"1689",2013-11-01,1.6,"NAO"
"1843",2013-12-01,2.8,"NAO"
"150",2014-01-01,2,"NAO"
"304",2014-02-01,2.2,"NAO"
"458",2014-03-01,2.2,"NAO"
"612",2014-04-01,-0.4,"NAO"
"766",2014-05-01,1.4,"NAO"
"920",2014-06-01,-1.7,"NAO"
"1074",2014-07-01,0.2,"NAO"
"1228",2014-08-01,-0.8,"NAO"
"1382",2014-09-01,-2.1,"NAO"
"1536",2014-10-01,0.1,"NAO"
"1690",2014-11-01,0.6,"NAO"
"1844",2014-12-01,2.9,"NAO"
"151",2015-01-01,3.5,"NAO"
"305",2015-02-01,2.4,"NAO"
"459",2015-03-01,3.1,"NAO"
"613",2015-04-01,-0.1,"NAO"
"767",2015-05-01,1.9,"NAO"
"921",2015-06-01,-0.7,"NAO"
"1075",2015-07-01,-2.3,"NAO"
"1229",2015-08-01,1,"NAO"
"1383",2015-09-01,-1.6,"NAO"
"1537",2015-10-01,-0.6,"NAO"
"1691",2015-11-01,2.7,"NAO"
"1845",2015-12-01,0.8,"NAO"
"152",2016-01-01,0,"NAO"
"306",2016-02-01,2.4,"NAO"
"460",2016-03-01,1.4,"NAO"
"614",2016-04-01,-1.7,"NAO"
"768",2016-05-01,-0.8,"NAO"
"922",2016-06-01,-0.2,"NAO"
"1076",2016-07-01,0.4,"NAO"
"1230",2016-08-01,0.2,"NAO"
"1384",2016-09-01,2.8,"NAO"
"1538",2016-10-01,-1.2,"NAO"
"1692",2016-11-01,1,"NAO"
"1846",2016-12-01,0.9,"NAO"
"153",2017-01-01,-0.4,"NAO"
"307",2017-02-01,1.2,"NAO"
"461",2017-03-01,1.5,"NAO"
"615",2017-04-01,-1,"NAO"
"769",2017-05-01,-2.4,"NAO"
"923",2017-06-01,1.4,"NAO"
"1077",2017-07-01,1.8,"NAO"
"1231",2017-08-01,0.3,"NAO"
"1385",2017-09-01,2.3,"NAO"
"1539",2017-10-01,0.7,"NAO"
"1693",2017-11-01,-1.2,"NAO"
"1847",2017-12-01,0.8,"NAO"
"154",2018-01-01,2.4,"NAO"
"308",2018-02-01,0.9,"NAO"
"462",2018-03-01,-1,"NAO"
"616",2018-04-01,1.2,"NAO"
"770",2018-05-01,NA,"NAO"
"924",2018-06-01,NA,"NAO"
"1078",2018-07-01,NA,"NAO"
"1232",2018-08-01,NA,"NAO"
"1386",2018-09-01,NA,"NAO"
"1540",2018-10-01,NA,"NAO"
"1694",2018-11-01,NA,"NAO"
"1848",2018-12-01,NA,"NAO"
