year,idx,precipitation,maxtemp,mintemp,windspeed
1949,1,58.60,6.90,-6.48,2.18
1949,2,133.90,8.18,-2.62,1.53
1949,3,326.45,10.40,1.17,2.16
1949,4,1.58,21.76,4.58,1.79
1949,5,57.03,21.77,6.74,2.15
1949,6,1.40,29.07,10.42,2.13
1949,7,0.18,31.56,11.52,2.11
1949,8,0.12,29.06,9.37,1.98
1949,9,0.40,28.70,9.87,1.32
1949,10,4.20,22.44,4.39,1.50
1949,11,78.20,19.69,3.93,1.43
1949,12,94.17,9.70,-2.24,1.76
1950,1,386.18,5.07,-3.60,2.27
1950,2,244.68,12.99,-0.25,1.58
1950,3,148.82,12.72,0.85,1.60
1950,4,100.88,19.55,3.87,1.97
1950,5,47.08,23.72,6.30,2.05
1950,6,6.80,26.57,9.14,2.34
1950,7,0.00,33.02,13.54,2.07
1950,8,5.15,32.19,12.55,1.86
1950,9,22.15,26.82,10.21,1.58
1950,10,242.03,19.66,7.11,1.51
1950,11,313.53,16.23,4.76,2.09
1950,12,325.70,10.58,2.28,1.91
1951,1,267.90,7.50,-0.51,1.91
1951,2,217.70,10.18,0.07,1.46
1951,3,62.37,15.37,0.27,2.24
1951,4,60.25,19.57,4.35,1.91
1951,5,69.70,22.15,7.10,2.26
1951,6,0.00,28.78,10.63,2.27
1951,7,0.00,31.54,11.90,2.02
1951,8,0.00,30.58,11.79,1.90
1951,9,0.73,29.67,10.97,1.42
1951,10,126.05,20.11,5.13,1.61
1951,11,280.30,13.35,2.42,1.84
1951,12,443.48,8.00,-0.84,2.51
1952,1,439.40,5.68,-1.60,2.69
1952,2,194.52,10.72,-0.27,1.71
1952,3,222.10,10.96,-0.93,2.56
1952,4,65.18,18.06,4.12,1.77
1952,5,32.10,23.28,6.71,2.07
1952,6,53.20,22.84,7.78,2.53
1952,7,2.55,32.40,14.28,1.88
1952,8,0.03,31.36,11.83,1.97
1952,9,0.68,29.25,11.07,1.39
1952,10,13.90,25.40,7.77,0.89
1952,11,68.75,14.62,0.28,2.06
1952,12,515.60,8.04,0.41,2.51
1953,1,333.95,11.86,2.03,2.06
1953,2,14.95,14.76,-0.85,1.80
1953,3,183.60,14.13,0.58,1.94
1953,4,181.90,17.35,2.94,2.14
1953,5,65.30,18.11,4.07,2.43
1953,6,46.87,23.23,8.11,2.52
1953,7,0.00,32.10,12.53,2.14
1953,8,9.60,28.13,10.77,2.01
1953,9,0.00,30.11,11.26,1.35
1953,10,95.10,22.07,5.44,1.77
1953,11,193.95,14.46,3.98,1.83
1953,12,63.92,12.97,-0.19,1.71
1954,1,330.35,8.86,-0.25,2.11
1954,2,213.90,14.69,1.08,2.33
1954,3,214.25,12.05,0.65,2.23
1954,4,224.43,19.60,5.78,1.89
1954,5,1.43,23.80,7.18,2.20
1954,6,57.45,25.36,8.47,2.60
1954,7,0.28,31.90,12.68,2.16
1954,8,3.33,27.96,10.10,2.13
1954,9,0.83,27.38,7.91,1.61
1954,10,18.33,22.00,5.12,1.55
1954,11,182.05,14.71,2.72,1.77
1954,12,261.02,8.95,-0.70,2.51
1955,1,159.40,7.93,-2.81,2.14
1955,2,69.35,12.07,-2.05,2.10
1955,3,26.42,15.55,0.32,2.00
1955,4,193.25,13.09,0.92,2.55
1955,5,6.32,22.78,6.32,2.20
1955,6,9.25,26.94,9.45,2.47
1955,7,0.12,29.41,10.96,2.37
1955,8,0.00,32.84,11.40,1.81
1955,9,7.10,28.70,9.43,1.37
1955,10,41.03,24.03,6.59,1.40
1955,11,166.97,13.78,1.02,1.57
1955,12,773.20,8.67,1.57,2.60
1956,1,454.97,7.75,1.20,1.96
1956,2,331.30,9.48,-2.42,2.50
1956,3,4.88,15.51,0.20,1.82
1956,4,59.97,17.64,3.13,2.06
1956,5,72.58,21.23,6.64,2.13
1956,6,9.05,27.63,9.96,2.42
1956,7,0.00,31.68,12.92,2.31
1956,8,0.00,29.68,10.88,2.23
1956,9,20.23,28.11,9.71,1.59
1956,10,138.90,19.79,5.35,1.44
1956,11,4.20,18.83,1.15,2.30
1956,12,16.98,13.91,-1.29,2.57
1957,1,190.68,8.35,-2.71,2.10
1957,2,275.33,12.58,2.37,1.85
1957,3,169.30,13.11,2.65,2.04
1957,4,91.75,18.21,3.81,2.22
1957,5,181.95,19.76,6.90,2.55
1957,6,3.80,29.55,11.83,2.59
1957,7,0.00,31.63,12.78,2.23
1957,8,0.00,30.19,10.21,2.11
1957,9,70.98,28.16,10.67,1.56
1957,10,166.40,17.44,6.17,1.50
1957,11,100.45,13.62,1.14,1.76
1957,12,227.70,10.60,0.58,2.24
1958,1,311.90,10.86,0.51,2.67
1958,2,461.92,11.36,3.73,2.72
1958,3,335.98,10.19,0.54,2.21
1958,4,199.47,17.61,3.38,2.51
1958,5,46.08,23.62,7.75,2.03
1958,6,92.15,25.45,10.17,2.46
1958,7,4.47,30.89,13.16,2.70
1958,8,2.38,33.65,14.84,2.24
1958,9,9.07,29.78,11.39,1.71
1958,10,39.65,25.79,8.25,1.54
1958,11,42.10,16.52,2.55,1.73
1958,12,98.62,16.03,2.88,1.82
1959,1,358.83,10.84,1.10,2.20
1959,2,283.67,10.68,0.05,2.48
1959,3,65.15,17.41,2.53,1.97
1959,4,38.58,21.89,5.21,1.76
1959,5,15.88,21.00,5.19,2.73
1959,6,2.22,29.74,10.23,2.68
1959,7,0.00,34.35,13.93,2.33
1959,8,10.55,31.18,11.81,2.33
1959,9,59.75,26.17,9.35,2.03
1959,10,0.28,24.59,8.04,1.95
1959,11,0.00,20.09,1.63,1.82
1959,12,79.58,13.70,-1.02,2.65
1960,1,335.87,7.98,-1.18,2.21
1960,2,231.48,11.34,-0.38,2.42
1960,3,246.75,15.45,3.60,2.05
1960,4,101.23,17.35,3.97,2.22
1960,5,63.00,20.53,5.39,2.52
1960,6,0.00,31.03,12.50,2.45
1960,7,2.58,33.85,13.43,2.43
1960,8,0.00,31.82,10.55,2.16
1960,9,5.72,30.18,8.95,1.44
1960,10,36.42,21.98,4.65,1.77
1960,11,312.10,12.94,1.04,2.34
1960,12,127.90,11.64,-1.42,2.57
1961,1,180.48,12.10,-1.65,2.25
1961,2,153.60,12.46,0.62,1.57
1961,3,204.22,12.37,0.94,2.28
1961,4,73.55,18.81,3.35,2.23
1961,5,43.08,19.83,4.17,2.86
1961,6,13.02,30.50,11.48,2.52
1961,7,0.00,33.78,12.70,2.46
1961,8,0.48,31.77,12.77,2.12
1961,9,8.63,27.46,7.88,1.70
1961,10,20.08,22.45,4.54,2.16
1961,11,200.90,14.66,0.41,2.34
1961,12,208.85,10.06,-1.57,2.00
1962,1,127.78,12.71,-2.26,3.33
1962,2,414.68,9.55,-0.41,2.63
1962,3,133.12,12.15,-0.91,2.06
1962,4,39.85,22.06,3.77,2.11
1962,5,22.18,20.51,4.68,2.72
1962,6,19.52,29.05,9.26,2.57
1962,7,0.00,32.40,11.70,2.44
1962,8,6.43,30.83,11.56,2.08
1962,9,5.40,29.19,9.63,1.42
1962,10,524.50,20.95,6.75,2.48
1962,11,115.72,15.62,3.44,1.38
1962,12,224.00,12.95,1.27,2.29
1963,1,227.60,11.33,-2.65,2.37
1963,2,88.88,15.35,4.61,1.79
1963,3,190.55,12.68,0.35,2.30
1963,4,317.97,12.18,1.98,2.43
1963,5,72.17,20.82,7.77,2.35
1963,6,9.57,26.56,9.56,2.57
1963,7,0.00,29.63,11.07,2.25
1963,8,0.00,30.49,11.58,2.09
1963,9,2.05,29.10,11.50,1.42
1963,10,115.38,21.15,7.62,1.35
1963,11,251.93,12.44,2.38,2.19
1963,12,25.27,11.25,-0.06,2.08
1964,1,238.30,8.97,-1.19,2.45
1964,2,15.00,15.63,-1.17,2.46
1964,3,87.00,14.33,0.19,2.25
1964,4,23.55,18.87,2.38,2.35
1964,5,36.75,21.07,5.24,2.33
1964,6,66.97,25.58,9.76,2.69
1964,7,0.00,31.77,12.73,2.41
1964,8,44.00,31.97,12.56,2.07
1964,9,2.95,27.96,8.52,1.87
1964,10,98.53,25.39,7.54,1.30
1964,11,360.80,11.70,0.59,2.52
1964,12,565.35,9.40,1.42,3.31
1965,1,378.75,10.06,0.11,2.74
1965,2,51.00,14.48,-1.04,2.00
1965,3,79.97,14.93,1.58,2.07
1965,4,227.00,15.88,4.83,2.36
1965,5,8.03,23.14,6.44,2.77
1965,6,4.28,25.88,8.87,2.87
1965,7,0.00,31.64,12.13,2.26
1965,8,53.82,29.79,13.01,2.08
1965,9,0.33,25.68,7.41,1.73
1965,10,1.12,25.71,6.76,1.42
1965,11,345.17,13.38,3.02,2.01
1965,12,146.20,8.57,-2.34,2.67
1966,1,274.65,9.82,-1.55,2.52
1966,2,123.22,10.28,-1.46,2.14
1966,3,55.83,14.90,1.74,1.81
1966,4,53.45,22.19,5.26,2.07
1966,5,6.55,25.49,8.18,2.01
1966,6,1.77,28.47,10.08,2.56
1966,7,0.45,28.87,10.57,2.26
1966,8,1.30,33.30,12.79,2.27
1966,9,1.40,29.59,9.45,1.63
1966,10,0.00,24.75,5.73,1.81
1966,11,467.33,14.28,3.38,2.17
1966,12,228.02,10.06,-0.19,2.50
1967,1,496.45,11.07,-0.83,2.41
1967,2,26.00,14.95,-0.34,1.84
1967,3,273.48,12.17,0.13,2.14
1967,4,313.40,9.08,-0.49,2.40
1967,5,43.32,23.40,5.95,2.34
1967,6,19.88,25.89,9.15,2.31
1967,7,0.40,33.36,13.21,2.34
1967,8,0.90,35.04,14.14,2.01
1967,9,1.20,31.04,11.02,1.63
1967,10,36.77,23.63,5.44,1.54
1967,11,188.72,17.07,3.02,1.40
1967,12,118.48,10.19,-3.41,2.60
1968,1,410.75,10.00,-2.75,2.32
1968,2,173.43,13.75,2.00,1.51
1968,3,133.98,15.66,0.75,2.10
1968,4,11.12,20.42,2.22,2.77
1968,5,47.60,22.66,4.30,2.97
1968,6,23.75,29.82,9.67,2.98
1968,7,0.90,32.72,11.72,2.52
1968,8,57.47,28.34,10.35,2.33
1968,9,2.23,29.61,10.09,1.90
1968,10,161.93,21.70,5.90,1.71
1968,11,204.65,13.01,2.11,1.63
1968,12,366.35,7.17,-1.95,2.65
1969,1,636.43,7.76,-1.26,3.11
1969,2,402.95,7.00,-0.91,2.78
1969,3,38.97,14.66,0.13,2.05
1969,4,139.02,17.58,2.47,1.88
1969,5,0.05,25.62,7.48,1.78
1969,6,28.48,25.34,10.06,2.36
1969,7,2.62,32.50,12.73,2.07
1969,8,0.00,33.36,10.98,1.64
1969,9,0.00,29.41,10.35,1.44
1969,10,107.57,20.06,4.36,2.13
1969,11,101.62,17.11,2.22,2.21
1969,12,544.08,11.10,1.13,2.34
1970,1,764.32,9.61,1.83,2.58
1970,2,193.45,14.81,1.60,1.80
1970,3,62.47,16.03,1.36,1.87
1970,4,26.50,16.71,0.34,2.35
1970,5,5.57,24.79,7.47,2.26
1970,6,54.38,28.22,10.73,2.17
1970,7,0.62,32.83,13.44,2.05
1970,8,0.00,31.95,11.73,1.82
1970,9,0.93,28.84,9.20,1.85
1970,10,101.42,21.59,5.15,1.74
1970,11,441.00,13.41,3.25,2.29
1970,12,443.27,6.95,-1.07,2.56
1971,1,112.85,10.86,-1.63,2.33
1971,2,9.77,13.40,-1.64,1.95
1971,3,228.18,13.25,-0.26,1.88
1971,4,41.40,17.18,1.40,2.30
1971,5,36.35,20.01,4.94,2.28
1971,6,33.73,25.90,8.68,2.50
1971,7,0.00,31.93,13.97,2.39
1971,8,2.60,32.46,14.26,2.06
1971,9,23.00,28.05,10.70,1.77
1971,10,12.10,20.70,4.69,1.72
1971,11,115.47,13.87,1.74,1.92
1971,12,219.80,6.38,-2.61,2.66
1972,1,144.47,9.73,-1.64,2.44
1972,2,117.07,11.70,1.22,1.72
1972,3,60.50,17.46,3.99,1.46
1972,4,135.57,17.21,3.24,2.36
1972,5,44.53,23.71,7.53,1.92
1972,6,36.95,28.81,11.18,2.07
1972,7,0.00,32.23,13.66,2.12
1972,8,3.60,31.50,13.44,1.97
1972,9,28.65,25.80,9.35,1.50
1972,10,138.82,19.38,6.85,1.72
1972,11,299.38,11.50,1.90,2.17
1972,12,159.55,7.12,-2.72,2.36
1973,1,521.62,7.65,-1.28,2.65
1973,2,364.92,11.25,2.13,2.89
1973,3,190.60,11.49,0.36,2.24
1973,4,11.50,19.73,4.27,2.14
1973,5,12.18,25.70,9.70,1.83
1973,6,0.12,29.61,12.00,2.18
1973,7,10.52,32.46,13.86,2.57
1973,8,0.00,30.85,12.53,2.23
1973,9,20.10,25.42,10.16,1.95
1973,10,198.30,19.59,6.87,1.82
1973,11,762.08,9.10,2.67,2.83
1973,12,236.10,9.77,1.62,2.22
1974,1,336.85,8.65,-0.20,2.39
1974,2,178.70,11.51,0.13,2.19
1974,3,500.12,12.61,2.92,2.22
1974,4,78.93,16.29,2.54,2.22
1974,5,7.95,23.04,6.72,2.23
1974,6,9.58,28.45,10.94,2.31
1974,7,56.17,29.72,12.96,2.50
1974,8,0.03,31.23,12.97,2.10
1974,9,0.00,31.13,11.59,1.35
1974,10,85.95,23.86,7.92,1.67
1974,11,69.90,14.06,2.47,1.85
1974,12,192.53,9.37,-0.32,2.10
1975,1,119.18,11.46,-0.59,2.55
1975,2,329.65,9.61,0.38,2.76
1975,3,383.70,10.91,1.10,2.74
1975,4,122.75,13.05,0.99,2.26
1975,5,4.12,23.80,7.23,2.21
1975,6,12.42,27.95,10.82,2.53
1975,7,13.18,29.97,12.39,2.50
1975,8,25.73,29.06,11.91,2.09
1975,9,1.17,29.95,12.19,1.14
1975,10,167.30,18.72,5.42,1.80
1975,11,72.23,13.22,1.46,2.14
1975,12,92.60,12.88,0.92,2.23
1976,1,25.25,12.83,-0.37,1.84
1976,2,152.45,11.76,1.05,2.08
1976,3,56.05,14.37,0.15,1.80
1976,4,104.75,15.42,2.02,2.10
1976,5,0.38,25.42,8.19,2.20
1976,6,2.97,27.20,10.08,2.39
1976,7,3.40,31.77,13.74,2.45
1976,8,49.50,26.78,10.48,1.95
1976,9,20.88,27.10,10.47,1.33
1976,10,2.83,23.86,6.92,1.34
1976,11,46.25,18.92,4.24,1.60
1976,12,52.05,14.59,-0.54,2.36
1977,1,115.35,11.42,-1.24,2.19
1977,2,60.00,16.02,1.29,1.93
1977,3,90.75,12.93,-0.66,1.94
1977,4,31.65,21.47,5.04,1.99
1977,5,96.72,17.15,4.19,2.20
1977,6,11.18,30.30,12.92,2.16
1977,7,1.42,32.03,13.26,2.22
1977,8,4.65,31.92,14.07,2.18
1977,9,81.18,25.33,10.10,1.75
1977,10,22.08,22.16,7.22,1.25
1977,11,134.70,14.69,2.15,1.68
1977,12,307.28,11.20,2.02,2.33
1978,1,631.55,10.08,1.82,2.69
1978,2,272.00,11.53,1.42,2.31
1978,3,340.15,15.62,4.28,1.93
1978,4,299.03,14.57,2.94,2.12
1978,5,18.60,23.23,6.76,1.87
1978,6,5.55,27.10,9.58,1.72
1978,7,10.35,31.76,13.35,1.86
1978,8,1.10,31.31,12.42,2.04
1978,9,44.88,25.61,8.75,1.54
1978,10,0.00,26.20,8.05,1.30
1978,11,104.95,13.79,0.51,1.73
1978,12,91.03,9.77,-3.30,2.54
1979,1,286.40,8.88,-1.66,2.72
1979,2,356.27,9.88,-0.94,1.99
1979,3,172.65,14.23,1.98,1.69
1979,4,128.85,16.57,1.67,1.78
1979,5,44.25,23.98,6.79,2.10
1979,6,1.80,29.81,8.77,2.51
1979,7,2.78,29.16,10.42,2.32
1979,8,33.92,29.09,8.57,2.19
1979,9,4.62,29.79,12.04,1.36
1979,10,187.30,20.02,7.04,1.75
1979,11,168.80,13.28,2.06,1.93
1979,12,309.12,12.74,0.97,3.04
1980,1,409.95,11.38,1.36,2.79
1980,2,417.82,12.61,2.80,2.99
1980,3,93.53,13.65,0.53,1.94
1980,4,104.60,17.84,3.42,1.78
1980,5,57.00,20.90,5.67,2.37
1980,6,29.17,23.82,7.73,2.60
1980,7,5.98,29.97,13.83,2.16
1980,8,0.00,30.51,10.41,2.13
1980,9,5.95,28.14,7.00,1.59
1980,10,37.53,23.89,5.88,1.46
1980,11,57.70,16.37,3.31,2.01
1980,12,291.27,13.81,2.24,2.93
1981,1,319.23,12.37,2.34,2.97
1981,2,100.43,13.38,1.77,2.12
1981,3,220.00,13.46,1.70,1.88
1981,4,64.10,19.54,5.02,1.74
1981,5,51.45,22.71,7.63,2.19
1981,6,0.15,30.14,12.61,2.43
1981,7,0.00,32.63,12.25,2.05
1981,8,0.00,31.60,12.11,1.90
1981,9,33.33,29.13,10.13,1.53
1981,10,219.43,18.33,4.78,1.94
1981,11,597.12,13.39,3.58,2.13
1981,12,426.90,10.15,1.25,2.22
1982,1,246.32,8.37,-4.10,2.88
1982,2,176.88,12.01,-0.28,2.15
1982,3,363.48,10.66,-0.03,2.31
1982,4,256.95,14.93,1.39,2.51
1982,5,3.03,24.36,6.21,1.79
1982,6,36.77,24.82,8.40,2.43
1982,7,2.78,28.59,9.90,2.31
1982,8,1.95,29.96,9.30,1.82
1982,9,45.58,25.30,6.89,1.43
1982,10,195.55,19.58,3.18,1.77
1982,11,298.58,11.64,0.98,2.41
1982,12,221.80,10.04,-0.43,3.10
1983,1,322.70,11.34,1.19,2.97
1983,2,462.37,10.57,2.54,2.92
1983,3,537.60,10.18,2.80,2.30
1983,4,181.62,13.40,2.75,2.18
1983,5,20.42,22.39,7.00,1.98
1983,6,25.30,26.42,9.82,2.34
1983,7,2.15,28.71,10.73,2.30
1983,8,2.17,30.44,13.13,1.66
1983,9,40.40,28.69,11.06,1.37
1983,10,88.02,22.29,7.36,1.38
1983,11,455.42,11.18,1.97,2.54
1983,12,634.53,8.29,0.96,2.44
1984,1,14.80,13.78,-0.02,2.84
1984,2,143.35,12.31,-0.02,2.62
1984,3,129.15,16.34,2.29,1.94
1984,4,74.10,16.66,2.15,2.07
1984,5,14.65,24.76,7.64,2.31
1984,6,38.40,27.38,9.36,2.46
1984,7,0.00,33.24,12.64,1.99
1984,8,31.62,31.43,10.73,1.89
1984,9,11.93,29.86,9.02,1.58
1984,10,100.38,17.79,1.22,1.85
1984,11,401.12,10.27,-1.22,2.39
1984,12,89.65,8.79,-3.41,2.73
1985,1,44.87,10.93,-1.49,2.64
1985,2,109.75,14.20,0.62,2.18
1985,3,175.62,12.22,0.00,2.18
1985,4,14.38,20.84,5.72,1.92
1985,5,4.10,23.19,6.32,2.06
1985,6,1.75,30.28,12.47,2.09
1985,7,0.43,32.78,14.76,2.32
1985,8,1.80,29.62,13.01,1.95
1985,9,77.33,23.31,9.36,1.70
1985,10,42.73,21.07,7.34,1.52
1985,11,238.95,10.84,1.15,1.90
1985,12,121.20,12.12,0.59,3.05
1986,1,344.17,12.51,3.80,2.92
1986,2,568.47,12.62,3.90,3.38
1986,3,262.38,16.77,4.86,1.95
1986,4,73.75,17.72,4.52,1.83
1986,5,50.65,22.24,7.67,1.96
1986,6,3.60,28.95,12.10,2.42
1986,7,0.00,30.85,13.13,2.28
1986,8,0.00,33.22,12.95,1.88
1986,9,108.68,22.89,7.73,1.70
1986,10,26.30,21.85,6.09,1.56
1986,11,23.17,17.48,2.44,1.99
1986,12,103.63,11.04,-0.45,2.45
1987,1,201.93,9.43,-2.15,2.71
1987,2,167.07,13.11,-0.08,2.24
1987,3,272.02,12.52,1.76,2.10
1987,4,23.60,22.52,6.32,1.62
1987,5,8.90,25.04,9.05,2.13
1987,6,2.40,29.29,12.04,2.00
1987,7,3.52,27.89,10.83,2.46
1987,8,0.00,32.28,13.15,1.62
1987,9,0.00,29.27,10.78,1.66
1987,10,27.67,25.93,9.39,1.05
1987,11,172.53,14.08,3.13,1.91
1987,12,477.20,7.42,0.34,3.37
1988,1,271.38,9.98,0.60,2.67
1988,2,14.68,17.30,2.10,2.98
1988,3,32.75,18.19,2.63,1.71
1988,4,145.65,18.96,5.72,1.84
1988,5,80.47,20.93,6.34,2.15
1988,6,28.42,26.55,10.57,2.00
1988,7,0.00,34.05,14.87,2.07
1988,8,0.00,32.38,11.89,1.88
1988,9,0.00,29.77,9.93,1.72
1988,10,1.75,26.13,7.10,1.08
1988,11,333.97,12.31,1.83,1.97
1988,12,185.15,10.52,-1.50,2.85
1989,1,79.15,11.46,-3.47,2.67
1989,2,64.15,10.48,-2.23,2.19
1989,3,477.05,13.57,3.30,2.00
1989,4,83.00,20.88,6.53,1.61
1989,5,16.48,23.10,7.11,2.15
1989,6,12.90,27.68,11.30,2.41
1989,7,0.00,31.04,13.20,2.41
1989,8,0.22,30.05,12.32,1.89
1989,9,77.25,26.48,10.41,1.34
1989,10,198.75,20.29,7.49,1.93
1989,11,72.77,16.76,3.21,2.19
1989,12,2.88,14.81,0.64,2.65
1990,1,292.02,10.19,0.22,2.47
1990,2,136.43,10.64,-1.82,2.38
1990,3,87.62,16.52,3.24,1.34
1990,4,35.58,21.04,7.00,1.84
1990,5,189.13,20.96,7.84,2.33
1990,6,3.33,26.81,10.60,2.33
1990,7,1.83,32.06,13.89,2.22
1990,8,5.43,29.48,13.29,2.20
1990,9,8.40,27.99,10.48,1.40
1990,10,47.30,23.42,7.61,1.35
1990,11,31.65,15.93,0.81,2.06
1990,12,50.85,9.00,-3.59,2.45
1991,1,109.50,12.30,-1.37,2.28
1991,2,108.20,16.86,2.98,2.47
1991,3,582.38,10.19,-0.61,2.90
1991,4,48.18,16.80,2.28,1.82
1991,5,44.57,20.09,4.73,2.40
1991,6,27.75,25.85,8.69,2.27
1991,7,0.00,32.64,13.85,2.10
1991,8,0.00,30.09,11.06,2.19
1991,9,0.32,31.81,11.16,1.36
1991,10,95.53,26.32,8.06,1.94
1991,11,45.63,16.47,1.74,2.12
1991,12,173.15,11.97,-1.46,3.03
1992,1,131.35,10.90,-1.58,3.16
1992,2,397.18,12.99,2.12,3.13
1992,3,169.32,15.31,2.20,1.51
1992,4,89.18,20.60,4.66,1.63
1992,5,9.48,27.55,8.82,1.87
1992,6,76.30,27.74,10.44,2.35
1992,7,0.35,29.94,11.87,2.32
1992,8,0.98,33.09,12.70,2.05
1992,9,0.00,29.47,11.58,1.47
1992,10,139.00,23.69,8.50,1.63
1992,11,23.08,14.94,2.40,1.74
1992,12,420.45,8.29,-1.19,3.40
1993,1,518.68,8.29,-1.00,3.17
1993,2,333.20,9.61,0.44,3.16
1993,3,174.12,16.23,5.08,1.56
1993,4,111.90,16.71,4.05,1.68
1993,5,84.95,21.78,7.20,1.99
1993,6,81.68,26.02,9.96,2.30
1993,7,0.03,30.24,11.80,2.09
1993,8,20.57,30.41,11.15,1.80
1993,9,0.00,29.31,8.96,1.47
1993,10,64.10,22.52,6.35,1.44
1993,11,99.72,15.47,1.21,2.34
1993,12,244.20,10.52,0.26,2.84
1994,1,130.18,13.41,0.99,2.85
1994,2,262.67,10.48,-0.04,2.57
1994,3,32.05,17.48,3.43,1.75
1994,4,125.02,19.08,4.81,1.77
1994,5,59.42,22.11,7.88,1.80
1994,6,6.43,28.46,10.13,2.11
1994,7,0.00,33.60,12.91,2.16
1994,8,0.00,32.70,11.34,1.98
1994,9,1.92,29.33,10.86,1.45
1994,10,17.62,21.99,5.33,1.39
1994,11,213.38,10.05,-0.06,2.42
1994,12,293.85,8.55,0.13,2.36
1995,1,937.40,8.53,2.98,3.57
1995,2,50.95,15.78,3.06,1.94
1995,3,629.50,11.96,2.56,2.81
1995,4,293.42,16.50,3.83,1.89
1995,5,110.85,19.99,7.10,1.84
1995,6,102.57,25.46,10.10,1.96
1995,7,0.10,30.64,13.24,1.82
1995,8,0.00,31.98,13.33,1.47
1995,9,0.00,29.73,11.06,1.41
1995,10,0.00,25.00,7.13,1.52
1995,11,6.85,19.09,4.78,1.07
1995,12,458.80,11.07,1.88,2.32
1996,1,303.43,11.25,0.69,2.53
1996,2,351.35,12.88,2.73,2.51
1996,3,142.65,16.80,1.88,2.06
1996,4,160.20,18.66,3.80,2.15
1996,5,159.55,22.45,7.06,2.49
1996,6,23.07,29.21,12.38,1.84
1996,7,0.20,34.02,16.38,2.10
1996,8,0.00,34.04,15.23,1.86
1996,9,21.63,28.06,10.19,1.57
1996,10,87.47,22.10,6.48,1.98
1996,11,164.85,15.38,3.49,2.14
1996,12,778.58,10.18,2.56,3.45
1997,1,493.90,10.72,1.30,2.70
1997,2,18.05,14.87,1.44,1.98
1997,3,84.38,18.82,4.13,1.63
1997,4,34.80,19.43,5.19,2.38
1997,5,18.15,26.33,10.49,2.20
1997,6,37.37,28.22,11.50,2.37
1997,7,1.25,32.79,14.16,2.00
1997,8,30.03,30.90,13.52,1.99
1997,9,13.75,28.04,11.66,1.56
1997,10,120.55,21.84,6.56,1.96
1997,11,319.35,13.98,4.74,1.86
1997,12,610.28,10.30,1.86,3.53
1998,1,639.57,9.33,2.73,2.71
1998,2,626.93,8.07,1.04,2.68
1998,3,172.10,15.12,2.22,1.70
1998,4,164.08,15.94,3.45,1.66
1998,5,233.33,15.90,5.34,2.08
1998,6,61.40,24.42,10.21,2.03
1998,7,0.00,32.55,14.01,1.94
1998,8,0.00,34.26,13.79,1.56
1998,9,13.10,29.22,12.06,1.45
1998,10,56.00,21.71,6.32,2.20
1998,11,343.45,11.94,2.28,1.89
1998,12,103.70,10.05,-1.57,2.41
1999,1,204.80,11.72,0.15,2.67
1999,2,379.77,9.68,0.25,2.16
1999,3,130.95,12.49,0.47,1.91
1999,4,92.18,18.50,3.03,2.89
1999,5,7.07,24.14,6.54,2.61
1999,6,9.28,27.62,9.50,2.79
1999,7,0.00,31.41,12.06,2.45
1999,8,4.43,30.08,12.26,2.20
1999,9,0.00,30.29,11.08,1.19
1999,10,77.68,25.44,7.65,1.53
1999,11,190.25,15.62,3.92,1.62
1999,12,43.10,12.96,-0.14,2.50
2000,1,324.37,9.95,0.49,2.09
2000,2,572.92,11.02,1.95,2.82
2000,3,139.05,15.69,2.18,1.94
2000,4,98.40,20.77,5.37,2.07
2000,5,33.47,23.38,7.68,2.46
2000,6,17.50,30.50,12.46,2.35
2000,7,0.00,30.12,12.69,2.56
2000,8,0.08,32.10,13.73,2.10
2000,9,16.50,27.99,11.65,1.54
2000,10,177.57,20.82,7.73,1.66
2000,11,54.38,12.62,0.62,1.72
2000,12,80.53,12.89,1.64,2.20
2001,1,221.08,11.18,-0.29,2.76
2001,2,308.88,10.49,-0.05,2.85
2001,3,106.70,18.26,3.72,1.71
2001,4,114.33,16.97,2.92,2.09
2001,5,1.33,28.89,10.79,1.98
2001,6,12.15,29.07,11.68,2.34
2001,7,1.83,32.50,15.06,2.39
2001,8,0.00,33.65,14.17,2.07
2001,9,18.42,30.34,12.39,1.36
2001,10,90.95,25.90,9.10,1.45
2001,11,331.55,13.79,4.57,1.95
2001,12,496.73,8.52,1.65,2.32
2002,1,195.73,9.24,-0.72,2.10
2002,2,92.90,14.83,1.66,2.40
2002,3,139.85,14.77,1.34,1.92
2002,4,58.30,19.30,4.84,2.20
2002,5,30.50,22.81,8.02,2.33
2002,6,0.00,30.26,12.90,2.63
2002,7,1.05,33.77,15.76,2.10
2002,8,0.00,32.08,13.49,2.07
2002,9,0.00,29.85,11.20,1.59
2002,10,0.00,24.03,7.53,1.47
2002,11,155.90,16.93,4.22,2.62
2002,12,899.35,9.49,1.69,2.80
2003,1,247.05,13.36,4.06,1.93
2003,2,111.90,13.41,0.02,1.93
2003,3,167.70,15.42,3.20,1.87
2003,4,383.25,13.72,2.39,2.50
2003,5,75.12,22.20,8.05,2.24
2003,6,1.45,30.07,12.69,2.45
2003,7,0.12,34.42,16.31,2.24
2003,8,11.88,30.44,13.46,1.77
2003,9,0.10,31.83,12.98,1.49
2003,10,5.40,26.82,9.07,1.65
2003,11,152.30,11.59,1.93,1.84
2003,12,547.20,9.25,1.01,2.86
2004,1,174.60,9.76,-0.05,2.60
2004,2,404.27,10.30,1.06,2.55
2004,3,48.20,20.65,5.70,1.92
2004,4,40.45,20.76,5.99,2.26
2004,5,24.45,23.54,7.53,2.50
2004,6,2.98,29.43,11.91,2.48
2004,7,0.00,32.60,14.39,2.61
2004,8,0.12,32.19,13.78,2.01
2004,9,2.40,29.19,10.62,1.68
2004,10,254.75,20.93,6.49,1.78
2004,11,65.97,14.66,1.84,2.00
2004,12,338.70,12.26,1.23,3.27
2005,1,249.00,10.69,1.13,2.68
2005,2,113.92,14.25,2.73,2.26
2005,3,217.97,16.53,3.48,2.26
2005,4,122.12,17.00,2.84,1.93
2005,5,199.50,20.61,7.57,2.02
2005,6,80.13,24.46,9.43,2.32
2005,7,0.00,34.57,15.77,2.20
2005,8,0.00,33.34,14.04,1.94
2005,9,2.27,27.40,8.40,1.56
2005,10,66.55,21.82,5.94,1.67
2005,11,186.50,16.13,4.17,2.26
2005,12,796.90,11.76,2.46,3.05
2006,1,295.27,10.22,2.12,2.47
2006,2,214.95,14.79,1.21,2.64
2006,3,447.00,8.98,0.14,2.20
2006,4,356.90,16.24,4.80,2.04
2006,5,37.83,24.36,9.35,1.86
2006,6,16.73,30.43,12.30,2.14
2006,7,0.00,34.77,16.79,2.31
2006,8,0.08,31.42,13.49,1.74
2006,9,0.00,29.60,11.25,1.58
2006,10,5.32,22.58,7.10,1.89
2006,11,146.43,13.65,3.37,1.67
2006,12,303.15,11.29,1.06,2.90
2007,1,9.98,11.85,-0.92,2.66
2007,2,355.52,12.08,2.29,2.38
2007,3,27.30,19.92,4.56,1.81
2007,4,109.65,19.60,4.64,2.23
2007,5,24.30,25.34,7.33,2.30
2007,6,8.90,29.31,10.98,2.51
2007,7,14.32,32.79,11.40,2.48
2007,8,0.00,32.69,12.36,2.02
2007,9,23.95,26.71,9.52,1.73
2007,10,104.48,20.33,7.82,1.84
2007,11,35.18,18.21,4.67,1.70
2007,12,247.28,9.13,0.14,2.35
2008,1,401.55,9.63,0.11,3.31
2008,2,183.90,12.50,0.00,2.46
2008,3,31.05,16.27,2.52,1.87
2008,4,21.82,19.41,3.69,2.28
2008,5,8.20,24.69,9.25,2.44
2008,6,1.45,29.46,11.99,2.45
2008,7,0.00,32.96,14.80,2.20
2008,8,0.08,33.58,14.81,1.82
2008,9,0.00,30.57,11.83,1.07
2008,10,119.10,23.52,7.87,1.83
2008,11,124.38,16.91,4.95,1.92
2008,12,202.47,9.50,-0.44,2.43
2009,1,105.62,14.93,2.13,2.76
2009,2,474.73,10.76,1.54,2.80
2009,3,164.65,14.85,1.78,1.97
2009,4,21.43,19.32,4.16,2.68
2009,5,122.60,26.21,8.90,2.18
2009,6,21.25,27.25,8.70,2.27
2009,7,0.00,33.79,12.52,2.15
2009,8,0.35,31.73,13.92,1.91
2009,9,25.62,30.72,12.63,1.49
2009,10,132.00,20.54,6.32,1.97
2009,11,64.18,15.46,3.15,2.02
2009,12,225.93,9.77,0.03,2.42
2010,1,393.90,8.44,1.76,2.78
2010,2,206.67,11.78,2.07,1.82
2010,3,112.88,15.39,1.44,2.37
2010,4,280.70,14.84,1.41,2.15
2010,5,71.78,19.01,4.74,2.39
2010,6,5.68,27.24,11.84,2.55
2010,7,0.00,32.59,14.62,2.19
2010,8,1.17,30.69,12.61,2.06
2010,9,2.88,28.95,11.21,1.27
2010,10,214.23,21.79,8.83,1.72
2010,11,199.57,13.45,1.72,2.51
2010,12,468.33,10.21,2.33,2.39
